bedrooms,bathrooms,area,stories,mainroad,guestroom,basement,hotwaterheating,airconditioning,prefarea,parking,furnishingstatus,price
3,3,1965,1,yes,yes,no,no,yes,no,3,semi-furnished,338277
5,5,2562,2,yes,yes,no,no,yes,yes,3,furnished,577287
4,6,1978,2,no,no,no,no,yes,no,2,furnished,414081
3,3,1791,2,yes,no,yes,yes,yes,no,1,semi-furnished,345221
2,2,1208,2,yes,no,yes,no,yes,yes,0,unfurnished,236515
2,3,1161,1,yes,no,no,no,no,yes,2,semi-furnished,218733
1,1,669,3,yes,no,no,no,no,yes,1,unfurnished,146740
4,5,1749,3,yes,no,no,no,yes,no,2,unfurnished,375178
3,2,1622,2,yes,yes,no,no,yes,yes,1,furnished,374998
4,4,2131,1,yes,no,no,no,yes,yes,2,semi-furnished,416991
1,1,880,3,yes,no,no,no,no,no,0,semi-furnished,183525
5,4,2416,4,no,no,no,yes,yes,no,0,semi-furnished,424975
4,6,1910,1,yes,yes,no,no,yes,no,0,unfurnished,358690
2,2,1421,2,no,no,yes,yes,no,no,0,semi-furnished,261512
2,3,1036,1,yes,yes,no,no,no,yes,2,unfurnished,223711
2,2,1455,2,no,yes,no,no,yes,yes,2,unfurnished,263663
2,2,1099,1,yes,yes,yes,no,no,yes,2,semi-furnished,225761
3,4,1549,2,yes,no,no,yes,no,no,2,unfurnished,254253
3,2,1406,2,no,no,no,no,yes,no,2,furnished,309285
2,3,1199,2,no,no,yes,no,yes,no,1,furnished,269226
3,5,1895,2,yes,no,no,no,no,no,1,furnished,406049
2,3,1403,2,yes,no,yes,no,yes,yes,1,semi-furnished,284583
2,4,1495,2,yes,no,no,yes,yes,yes,2,furnished,324304
3,2,1804,1,yes,no,no,no,yes,yes,0,unfurnished,312610
3,3,1479,1,yes,yes,yes,no,no,yes,0,semi-furnished,328387
4,4,2033,3,yes,no,yes,no,no,no,2,semi-furnished,397478
2,3,1143,1,no,no,no,no,yes,yes,3,furnished,281869
3,5,1966,3,yes,no,yes,no,no,no,2,furnished,402981
3,3,1460,3,yes,no,yes,no,no,no,2,furnished,331651
1,2,1078,1,yes,no,no,no,no,yes,2,semi-furnished,208975
3,3,1878,2,yes,yes,yes,yes,yes,yes,1,semi-furnished,405005
2,3,1665,2,yes,no,yes,no,yes,yes,2,semi-furnished,335742
1,1,818,3,yes,no,no,no,yes,yes,2,semi-furnished,219889
5,6,2642,3,yes,no,no,yes,yes,no,1,unfurnished,451086
5,6,2956,3,no,no,no,no,yes,yes,1,furnished,597976
4,4,1976,1,yes,no,no,no,no,no,1,unfurnished,352707
2,2,992,2,yes,no,yes,no,yes,no,1,semi-furnished,229793
1,1,523,2,yes,no,yes,no,no,yes,2,semi-furnished,133630
3,3,1842,2,no,yes,yes,no,yes,no,1,furnished,413234
3,3,1323,1,yes,no,no,yes,yes,no,1,semi-furnished,268807
2,3,1225,1,yes,no,no,no,yes,no,2,furnished,243908
3,4,1787,3,yes,yes,no,yes,yes,yes,2,unfurnished,357119
1,2,937,2,no,no,no,no,yes,yes,2,semi-furnished,186348
5,5,2585,2,yes,no,no,no,no,yes,2,unfurnished,525864
2,3,1344,2,yes,no,yes,no,yes,yes,1,semi-furnished,306892
3,4,1955,3,no,yes,no,no,yes,no,2,furnished,403033
2,1,1109,3,yes,no,yes,no,yes,no,0,semi-furnished,221495
3,4,1564,1,yes,no,yes,no,yes,no,0,furnished,360203
3,4,1545,1,yes,no,no,no,yes,yes,1,unfurnished,322377
2,1,1466,1,yes,no,no,no,yes,yes,1,unfurnished,195689
5,5,2680,3,yes,yes,no,no,yes,no,3,unfurnished,502459
4,4,2190,2,yes,no,no,no,no,yes,3,semi-furnished,425599
5,5,2736,2,yes,yes,yes,yes,yes,yes,2,semi-furnished,515913
4,6,1864,2,yes,yes,no,no,no,yes,1,unfurnished,397284
3,4,2033,2,no,no,no,yes,yes,yes,3,furnished,469227
5,6,2804,3,yes,no,yes,no,no,no,2,unfurnished,517615
1,1,1047,2,yes,no,no,no,yes,yes,1,semi-furnished,225330
2,2,1656,1,yes,yes,no,no,yes,no,2,unfurnished,318802
1,2,568,1,yes,no,no,no,yes,no,0,unfurnished,102554
2,3,1195,2,yes,no,no,no,no,yes,0,unfurnished,195248
3,2,1552,3,yes,no,no,no,yes,no,2,semi-furnished,314739
2,3,1444,2,no,no,no,no,yes,yes,2,furnished,302419
4,5,1889,3,yes,no,yes,no,yes,no,1,semi-furnished,364880
3,3,1851,3,no,no,yes,no,yes,yes,2,unfurnished,346556
2,1,1574,1,no,yes,yes,no,yes,no,3,unfurnished,286430
3,4,1839,1,yes,no,yes,no,yes,yes,2,furnished,404902
2,2,1356,1,yes,no,no,no,yes,no,1,semi-furnished,229669
4,4,1902,3,no,no,no,no,yes,no,0,furnished,386805
1,1,730,1,no,no,yes,no,yes,yes,1,unfurnished,152210
6,6,3149,2,yes,no,yes,no,yes,no,3,furnished,614472
4,5,2255,2,yes,yes,yes,no,yes,yes,1,semi-furnished,454524
2,3,1292,3,yes,yes,no,no,no,yes,1,furnished,274459
1,1,816,1,no,no,no,no,yes,no,1,furnished,169488
4,5,1694,2,yes,yes,no,no,no,no,2,unfurnished,310059
4,5,1885,2,yes,no,no,no,yes,yes,2,furnished,452883
4,5,2482,2,no,no,yes,no,no,yes,2,furnished,503382
4,4,1843,3,yes,no,yes,no,yes,no,1,furnished,403324
1,1,937,1,yes,no,yes,no,yes,no,0,semi-furnished,181701
3,5,1901,3,yes,no,yes,no,yes,yes,3,semi-furnished,387055
2,3,1049,2,no,no,no,no,no,yes,3,furnished,258436
4,3,2136,2,yes,yes,no,no,yes,no,3,semi-furnished,393093
3,2,1887,2,yes,no,no,yes,yes,no,3,furnished,368871
2,2,1302,2,yes,no,no,no,yes,no,2,unfurnished,245347
1,3,1473,1,yes,no,yes,no,yes,yes,2,unfurnished,249988
2,3,966,2,yes,yes,yes,yes,yes,no,2,unfurnished,202633
2,2,1511,2,yes,no,no,no,yes,no,2,unfurnished,267284
4,4,2065,2,yes,no,no,no,yes,yes,0,furnished,436232
3,4,1854,2,no,no,yes,yes,yes,yes,1,furnished,405275
4,5,2188,3,no,no,no,no,no,no,3,unfurnished,399112
3,3,1553,2,yes,no,no,no,yes,yes,1,furnished,346561
2,3,1345,1,yes,no,no,no,yes,no,2,furnished,294371
4,6,1728,2,yes,yes,no,no,no,no,0,furnished,396812
4,4,2220,3,no,no,no,no,yes,no,1,semi-furnished,362423
3,4,1759,3,yes,no,no,no,yes,no,1,semi-furnished,304276
4,4,2227,2,yes,no,no,no,no,yes,0,furnished,491934
3,4,1911,3,yes,no,no,no,yes,yes,0,furnished,404019
3,4,1773,1,yes,yes,yes,no,yes,no,0,unfurnished,348764
3,4,1729,2,yes,yes,no,no,no,yes,2,furnished,381187
1,2,723,3,yes,no,yes,no,no,yes,0,unfurnished,168599
2,2,1157,3,yes,no,yes,no,yes,yes,1,furnished,274798
1,3,1137,2,yes,no,no,no,yes,yes,0,semi-furnished,275530
3,4,1987,3,yes,no,no,no,yes,no,2,semi-furnished,378276
2,2,1252,1,yes,no,yes,no,yes,yes,2,furnished,280528
3,4,1709,3,yes,no,yes,no,yes,yes,2,semi-furnished,333503
5,6,2319,2,yes,no,yes,no,yes,no,1,semi-furnished,504918
2,2,1534,1,yes,no,no,no,no,no,1,unfurnished,246814
3,4,1833,1,yes,no,yes,no,no,no,2,unfurnished,348844
4,6,2488,2,yes,no,yes,no,yes,no,2,furnished,538713
2,2,1124,1,yes,no,no,no,yes,no,0,furnished,221755
1,3,824,2,yes,no,yes,no,yes,no,1,furnished,220311
2,2,1346,1,yes,no,no,no,yes,yes,1,furnished,272565
2,2,1429,1,no,no,no,no,yes,no,0,semi-furnished,219045
5,5,2456,2,yes,no,yes,no,no,yes,2,unfurnished,490009
4,5,1925,2,yes,yes,no,no,yes,no,2,semi-furnished,389536
3,4,1876,2,yes,no,no,no,no,yes,1,unfurnished,352490
4,4,2244,3,yes,no,no,no,yes,yes,1,semi-furnished,440062
4,4,1916,3,yes,no,no,yes,yes,yes,3,unfurnished,397678
2,3,1571,3,yes,yes,yes,no,yes,yes,2,furnished,334017
4,3,2334,2,yes,yes,no,yes,yes,no,2,unfurnished,398374
3,4,1726,3,yes,yes,no,no,no,no,1,unfurnished,315630
4,5,2115,1,yes,no,yes,no,no,no,2,furnished,432790
4,5,2210,1,no,yes,yes,no,yes,no,1,furnished,468810
2,4,1127,2,no,no,yes,no,yes,yes,0,unfurnished,262977
2,2,1306,3,yes,yes,yes,no,yes,no,1,unfurnished,284623
2,4,869,1,yes,yes,no,yes,no,yes,2,furnished,243087
3,4,1875,1,yes,yes,yes,no,no,no,1,semi-furnished,364939
4,5,1787,1,yes,yes,yes,yes,yes,yes,2,semi-furnished,410474
4,4,2400,3,yes,no,no,yes,yes,yes,0,semi-furnished,461825
1,2,833,2,yes,no,yes,yes,yes,no,1,furnished,184791
3,3,1657,1,yes,no,no,no,yes,no,0,furnished,367427
3,3,1574,2,yes,yes,no,no,yes,no,1,semi-furnished,329204
2,1,1242,2,yes,yes,yes,no,yes,no,0,unfurnished,251092
2,3,1583,2,yes,no,no,no,no,yes,1,unfurnished,308029
2,3,802,1,no,no,no,yes,yes,no,1,furnished,204158
5,6,2755,3,yes,yes,yes,no,yes,no,1,unfurnished,488053
2,3,1367,2,yes,no,yes,yes,no,yes,2,furnished,316966
3,2,1458,2,yes,no,no,no,yes,yes,1,semi-furnished,261986
4,5,1884,1,yes,yes,no,yes,yes,yes,2,unfurnished,390381
3,3,2035,2,yes,no,no,no,yes,no,2,semi-furnished,362225
5,6,2310,2,yes,yes,yes,no,yes,yes,1,furnished,534169
5,6,2269,2,yes,no,no,no,yes,yes,2,furnished,536152
2,3,1527,1,yes,yes,no,no,yes,yes,2,semi-furnished,295612
3,4,1767,3,yes,no,no,no,no,yes,1,unfurnished,328997
2,2,1112,1,yes,yes,no,yes,yes,no,3,unfurnished,225879
2,2,1343,2,yes,no,no,no,no,no,2,unfurnished,200360
1,2,694,3,yes,yes,no,no,yes,yes,3,unfurnished,176958
3,3,1920,2,yes,no,no,yes,no,yes,2,unfurnished,297684
3,3,1912,3,yes,no,no,no,yes,yes,1,unfurnished,336729
1,1,1006,2,no,no,yes,yes,yes,no,1,furnished,222631
2,3,1372,2,yes,no,no,no,yes,yes,2,unfurnished,277585
5,5,2852,3,yes,no,no,no,yes,yes,3,furnished,582929
2,2,1299,1,yes,no,yes,no,yes,no,2,unfurnished,244695
2,3,1063,2,no,yes,no,no,no,yes,2,furnished,236744
3,4,1789,3,no,no,yes,yes,yes,no,1,unfurnished,331633
6,6,3317,2,yes,yes,no,no,yes,yes,1,unfurnished,647646
2,2,1097,2,yes,no,no,no,yes,no,3,unfurnished,254556
3,3,1627,2,yes,yes,yes,no,no,yes,2,unfurnished,330292
4,4,2183,3,yes,no,no,no,yes,yes,3,furnished,479256
2,2,1289,3,yes,no,yes,no,no,yes,2,semi-furnished,256222
4,5,1903,2,yes,no,no,no,no,no,1,furnished,390328
3,4,1924,2,yes,no,no,no,yes,no,2,furnished,401555
3,4,2164,3,yes,yes,yes,yes,yes,yes,3,furnished,472134
3,3,1739,1,no,no,yes,no,no,no,2,furnished,368464
3,4,1519,1,yes,yes,yes,yes,yes,no,1,semi-furnished,354037
1,1,590,3,yes,no,no,no,yes,no,1,unfurnished,135452
4,6,2151,3,yes,no,no,no,no,no,2,unfurnished,403154
2,3,1520,3,no,no,yes,no,no,yes,0,furnished,286544
2,2,1395,2,no,yes,yes,yes,no,no,2,furnished,309812
1,2,899,1,yes,yes,yes,no,yes,yes,0,furnished,200088
3,3,1582,2,yes,yes,no,no,yes,yes,1,furnished,350255
3,4,1481,1,no,yes,no,yes,yes,yes,2,furnished,365019
1,1,1066,1,yes,yes,yes,no,yes,no,1,furnished,245903
3,3,1882,3,yes,no,no,no,yes,no,2,semi-furnished,342251
2,3,990,1,yes,yes,yes,yes,yes,no,1,semi-furnished,223661
3,3,2017,3,yes,no,no,no,yes,no,3,semi-furnished,359855
2,3,1414,2,yes,no,no,no,no,no,1,furnished,262024
3,3,1979,2,no,no,no,no,no,yes,0,unfurnished,318784
3,4,1431,1,yes,no,no,no,no,yes,2,unfurnished,256457
5,6,2226,2,yes,no,no,no,yes,yes,2,furnished,519799
2,3,1270,1,yes,no,no,no,yes,yes,1,furnished,291250
2,2,1400,4,yes,yes,no,no,no,yes,3,furnished,335510
2,2,1659,3,yes,no,yes,no,yes,yes,2,furnished,339803
5,4,2641,2,yes,no,yes,no,yes,no,3,semi-furnished,475814
4,4,2051,1,yes,no,yes,yes,yes,no,2,furnished,441658
2,3,1094,3,yes,no,no,yes,yes,no,1,semi-furnished,235726
3,5,1946,2,yes,no,yes,no,yes,no,1,furnished,411652
4,5,1907,1,yes,no,yes,no,no,yes,1,unfurnished,370050
3,4,2025,2,no,yes,no,yes,no,no,2,furnished,437865
3,4,1643,3,yes,no,yes,yes,yes,yes,1,semi-furnished,364638
2,3,1618,1,yes,no,no,no,yes,yes,0,furnished,365047
1,1,1035,1,yes,yes,no,no,no,no,1,furnished,226859
4,6,2072,3,yes,yes,no,no,yes,yes,1,unfurnished,448705
5,6,2396,1,yes,yes,no,no,yes,yes,2,semi-furnished,465206
3,4,1631,1,yes,no,no,no,no,yes,2,furnished,371491
2,2,1385,2,yes,yes,no,no,no,no,2,semi-furnished,254074
2,2,1315,3,yes,no,yes,no,no,no,3,semi-furnished,235322
4,4,1981,2,yes,no,no,yes,yes,yes,2,semi-furnished,431776
4,5,2066,4,yes,no,yes,no,yes,no,3,semi-furnished,424542
4,5,2115,2,yes,no,yes,no,no,yes,1,unfurnished,384697
4,4,1674,1,yes,no,no,no,yes,yes,0,furnished,368770
3,5,1791,4,yes,no,yes,yes,no,yes,1,furnished,403733
1,1,704,2,yes,yes,yes,no,yes,no,1,furnished,167228
2,2,1069,1,yes,no,yes,no,no,yes,2,unfurnished,221847
4,3,1762,2,yes,no,yes,yes,yes,yes,2,unfurnished,395056
3,4,1341,2,yes,no,yes,no,yes,yes,1,unfurnished,281593
1,3,628,1,yes,no,yes,no,yes,yes,2,unfurnished,204545
2,2,1158,1,no,yes,no,no,yes,no,2,unfurnished,229936
3,4,2090,2,no,no,no,no,yes,yes,0,semi-furnished,383615
1,1,794,3,yes,yes,yes,no,yes,yes,2,unfurnished,208242
2,4,1335,2,yes,no,no,no,no,yes,3,unfurnished,272473
3,4,1780,4,yes,no,yes,no,yes,yes,2,furnished,442711
3,4,1726,1,yes,no,yes,yes,yes,no,2,semi-furnished,356915
3,2,1684,1,yes,yes,yes,no,yes,yes,1,unfurnished,289786
2,4,1060,1,yes,no,no,no,no,yes,0,unfurnished,225125
4,5,2390,1,yes,no,no,yes,yes,yes,1,unfurnished,445479
2,2,1661,1,no,yes,no,no,yes,yes,2,unfurnished,282539
2,3,963,3,yes,no,no,no,no,no,1,unfurnished,202085
4,4,1895,3,no,no,no,no,yes,no,1,semi-furnished,349362
3,4,1644,4,yes,no,no,no,yes,no,3,furnished,345369
4,4,1907,1,yes,no,no,no,yes,yes,2,furnished,389708
3,4,1801,3,yes,no,yes,yes,no,no,2,semi-furnished,329534
3,4,1554,2,yes,no,yes,yes,yes,no,0,semi-furnished,332034
1,1,1333,1,yes,no,no,no,no,yes,0,semi-furnished,173802
3,3,1938,3,yes,no,no,no,no,no,0,semi-furnished,329558
2,1,1342,2,yes,no,yes,no,yes,no,2,unfurnished,230726
2,2,1505,1,yes,yes,yes,no,no,yes,0,furnished,312446
5,5,2721,2,no,yes,no,no,yes,yes,2,unfurnished,452391
3,4,1587,1,yes,yes,no,no,yes,no,3,unfurnished,318517
4,4,1936,3,no,no,yes,no,yes,yes,1,semi-furnished,369672
3,3,1715,2,yes,no,no,yes,no,no,1,semi-furnished,340588
4,5,2272,4,yes,no,no,no,yes,no,2,unfurnished,405204
3,2,1727,1,yes,yes,no,no,yes,no,3,unfurnished,309327
3,5,1384,2,yes,no,no,no,yes,yes,2,furnished,346317
3,4,1539,2,no,no,no,no,yes,yes,0,furnished,340316
2,3,1285,2,yes,no,yes,no,yes,yes,0,furnished,299970
4,5,2084,2,yes,no,yes,no,yes,no,2,furnished,448099
2,3,1694,3,yes,no,no,no,yes,no,2,furnished,348732
1,1,622,3,yes,yes,no,no,yes,no,0,furnished,165308
3,2,1801,3,yes,yes,yes,no,yes,yes,2,semi-furnished,354423
2,2,1597,3,yes,yes,no,no,yes,no,2,unfurnished,294167
5,6,2954,3,yes,no,no,yes,no,no,1,semi-furnished,559838
5,4,2419,2,yes,no,yes,no,no,yes,2,unfurnished,468397
5,6,2598,3,no,no,yes,no,yes,yes,0,unfurnished,500407
3,5,1813,2,yes,no,yes,no,yes,no,2,unfurnished,352998
1,2,939,2,yes,no,no,no,no,no,2,semi-furnished,163640
5,6,2480,2,yes,yes,no,no,no,no,1,furnished,505447
3,2,1787,2,yes,yes,no,no,yes,yes,2,unfurnished,339837
5,6,1993,1,yes,no,no,no,yes,yes,2,unfurnished,426015
5,6,2636,4,yes,no,no,no,yes,no,3,semi-furnished,569504
4,4,2125,2,yes,no,no,yes,yes,no,1,furnished,456636
2,1,1255,1,yes,no,no,no,yes,no,2,unfurnished,195191
3,5,2109,2,yes,yes,no,no,no,no,2,furnished,417146
4,5,1965,1,yes,no,no,no,yes,yes,2,furnished,483490
2,3,1219,1,yes,no,yes,no,yes,no,2,unfurnished,237992
2,3,1698,1,yes,yes,no,no,no,yes,0,semi-furnished,311498
3,4,1533,2,no,no,yes,yes,no,yes,1,semi-furnished,302049
5,6,2389,2,yes,no,no,yes,no,yes,2,unfurnished,488982
3,3,1670,3,no,yes,no,no,no,no,0,semi-furnished,317026
3,3,1868,3,yes,yes,yes,no,yes,no,3,semi-furnished,360575
1,1,941,2,yes,no,yes,no,no,yes,2,furnished,201981
3,4,1441,2,yes,no,no,no,no,yes,1,furnished,339552
6,6,2793,2,yes,no,no,no,yes,no,2,unfurnished,509044
2,3,1178,3,yes,no,yes,no,yes,no,1,semi-furnished,271120
3,3,1684,1,yes,no,no,no,yes,no,2,furnished,357181
4,5,2185,1,no,yes,yes,no,no,yes,0,furnished,457240
4,5,2183,3,yes,no,yes,no,yes,yes,1,semi-furnished,434281
3,4,1344,2,yes,no,yes,no,yes,yes,0,semi-furnished,301595
4,5,2312,1,yes,no,yes,no,yes,yes,2,semi-furnished,445148
3,3,1750,1,yes,no,no,no,yes,yes,1,semi-furnished,332346
2,3,1576,3,yes,no,no,no,yes,yes,1,furnished,337416
4,4,2188,3,yes,yes,no,yes,yes,yes,1,semi-furnished,418379
4,4,2320,3,yes,no,no,no,no,yes,1,unfurnished,428013
4,4,2193,2,yes,no,yes,no,yes,no,3,furnished,460825
5,6,2769,2,no,yes,no,yes,yes,yes,0,semi-furnished,504256
3,5,1804,4,yes,no,yes,no,yes,yes,2,semi-furnished,385121
3,4,1680,4,yes,yes,no,no,yes,no,2,unfurnished,336445
4,5,2554,1,no,no,no,no,yes,no,2,furnished,492112
3,4,1877,3,yes,no,yes,yes,yes,no,1,unfurnished,360682
4,5,2214,1,yes,yes,no,no,yes,no,3,semi-furnished,447080
4,3,1844,1,yes,no,yes,no,yes,no,1,unfurnished,368378
4,4,1842,2,yes,no,yes,no,yes,no,2,furnished,419755
2,2,1358,2,yes,no,yes,no,yes,no,3,unfurnished,239571
3,3,1729,3,yes,yes,yes,no,yes,no,2,unfurnished,331097
1,1,777,1,yes,yes,yes,no,yes,yes,2,furnished,188339
3,3,1728,2,yes,no,yes,no,yes,yes,3,furnished,428801
1,1,1217,3,yes,yes,no,no,no,no,2,semi-furnished,262390
3,5,1839,3,no,no,yes,no,no,yes,1,furnished,418588
3,3,1471,1,yes,no,no,no,yes,no,1,unfurnished,287689
2,2,1277,2,yes,no,no,no,yes,yes,1,furnished,285894
3,3,1539,2,yes,no,no,no,yes,yes,1,furnished,350803
1,2,822,1,no,no,yes,yes,yes,no,2,semi-furnished,140922
1,1,817,4,yes,no,yes,no,no,yes,2,furnished,214767
4,4,2004,3,yes,no,no,no,no,no,0,unfurnished,339856
3,4,1448,1,no,no,no,no,no,no,2,unfurnished,271387
2,1,1274,1,yes,no,no,no,no,no,1,semi-furnished,220231
3,2,1587,1,no,yes,yes,no,no,yes,3,unfurnished,345376
4,4,1514,3,yes,yes,no,no,yes,no,3,unfurnished,345012
2,1,1710,1,yes,no,yes,no,yes,no,3,furnished,339420
3,3,1917,2,no,no,no,no,no,no,2,unfurnished,313701
1,1,824,2,yes,no,no,no,yes,no,1,furnished,208182
1,2,903,2,yes,no,yes,no,yes,no,2,semi-furnished,195078
3,4,1465,1,yes,yes,no,no,yes,no,1,semi-furnished,306723
3,4,2039,1,no,no,yes,no,no,no,1,unfurnished,344524
3,3,2079,3,yes,no,no,no,yes,yes,2,furnished,421418
4,6,2131,3,yes,no,no,no,yes,yes,0,furnished,470758
5,5,2704,3,yes,no,no,yes,no,yes,3,semi-furnished,483114
3,2,1735,1,yes,yes,yes,no,no,yes,3,furnished,353375
2,3,1032,2,yes,no,yes,no,no,no,1,unfurnished,221832
4,4,2017,2,yes,no,no,no,yes,yes,2,semi-furnished,434605
2,2,1326,1,yes,yes,no,no,yes,no,1,furnished,280802
3,4,1609,3,yes,no,no,no,no,yes,2,furnished,353684
1,2,856,2,yes,no,yes,no,yes,yes,2,semi-furnished,176648
1,1,881,1,yes,no,yes,no,yes,yes,1,semi-furnished,205446
5,6,2483,3,no,no,no,no,yes,yes,1,furnished,518760
4,6,2110,4,no,yes,no,yes,yes,yes,1,furnished,492644
3,3,1487,1,yes,no,no,no,yes,yes,3,furnished,349853
3,3,1556,2,yes,yes,no,no,yes,no,0,furnished,341594
2,2,1043,2,yes,no,no,yes,yes,yes,0,semi-furnished,225540
2,2,1495,2,yes,yes,yes,no,no,yes,2,unfurnished,298072
2,2,878,1,yes,no,yes,no,yes,no,2,semi-furnished,200638
3,5,1930,2,yes,no,no,yes,yes,yes,2,unfurnished,356893
4,5,2377,4,yes,no,no,no,yes,yes,2,furnished,492756
3,4,1639,2,no,yes,no,yes,yes,yes,2,semi-furnished,293213
2,2,779,1,yes,no,no,no,no,yes,2,semi-furnished,184831
5,6,2427,2,yes,no,yes,no,yes,no,0,semi-furnished,504189
4,6,2087,2,yes,yes,yes,no,no,yes,2,semi-furnished,459213
3,4,1497,3,no,no,no,no,yes,no,0,unfurnished,281194
3,2,1596,2,yes,no,no,no,yes,no,1,semi-furnished,281965
3,4,2006,1,yes,no,no,yes,yes,yes,3,furnished,446274
2,1,1432,1,yes,no,no,no,yes,no,1,semi-furnished,244195
3,3,1515,3,yes,yes,no,no,yes,yes,3,unfurnished,350298
4,3,1780,1,yes,no,yes,yes,yes,yes,1,unfurnished,332978
1,2,834,3,yes,no,no,no,yes,yes,1,semi-furnished,175134
2,3,1257,1,yes,yes,no,no,no,yes,2,semi-furnished,248536
1,1,999,2,yes,no,no,no,no,no,2,semi-furnished,151881
1,1,792,2,yes,no,no,no,yes,yes,2,unfurnished,149299
4,4,2202,3,no,no,yes,no,yes,no,2,unfurnished,400304
4,4,2487,3,yes,no,yes,no,yes,no,0,unfurnished,418195
3,3,1863,1,yes,yes,yes,no,no,yes,3,semi-furnished,298310
1,1,890,2,yes,yes,yes,yes,yes,no,0,furnished,225955
3,4,1663,1,yes,no,no,no,yes,no,2,unfurnished,272878
3,2,1628,2,yes,yes,no,no,yes,yes,1,unfurnished,321144
2,1,1536,2,yes,no,no,no,yes,yes,2,unfurnished,272944
3,3,1574,3,no,yes,no,no,yes,yes,2,furnished,399859
3,5,1709,3,no,no,yes,yes,yes,yes,0,semi-furnished,377023
3,4,1710,2,yes,no,no,no,no,yes,3,furnished,371937
3,4,1599,2,yes,no,yes,yes,no,yes,1,unfurnished,309838
1,1,625,3,yes,yes,yes,yes,yes,no,1,furnished,209454
3,4,1764,3,yes,yes,no,no,yes,no,2,semi-furnished,323996
3,2,1687,1,yes,yes,no,yes,yes,yes,0,furnished,359673
3,4,1800,2,yes,yes,no,yes,no,yes,1,furnished,392977
4,6,1993,2,no,no,yes,no,no,yes,2,semi-furnished,407003
3,4,1944,1,yes,no,no,yes,yes,yes,2,furnished,419092
2,3,1124,1,no,no,yes,yes,yes,yes,0,semi-furnished,244115
1,2,1242,1,yes,no,yes,yes,yes,no,2,unfurnished,234188
3,3,1350,2,yes,no,no,no,yes,yes,2,unfurnished,283779
1,3,986,1,yes,no,no,no,yes,yes,2,furnished,241021
3,2,1795,1,yes,no,no,no,no,yes,3,unfurnished,323267
5,6,2340,1,yes,no,no,no,yes,no,2,furnished,485681
3,3,1784,3,yes,no,no,no,yes,no,2,unfurnished,323160
3,2,1955,3,yes,no,no,yes,no,yes,1,unfurnished,329312
3,3,1256,2,no,yes,no,yes,yes,yes,0,furnished,284220
3,3,1800,2,yes,yes,no,no,no,yes,2,semi-furnished,348176
3,3,1201,4,yes,no,no,no,yes,yes,3,furnished,317449
5,6,2306,1,no,yes,no,no,no,no,2,unfurnished,423424
3,2,2025,1,yes,no,yes,no,yes,no,0,semi-furnished,371127
5,5,2383,1,yes,no,no,no,yes,no,1,semi-furnished,437288
5,6,2265,1,yes,yes,no,yes,yes,yes,2,semi-furnished,477277
2,2,1260,2,yes,yes,yes,no,yes,yes,2,unfurnished,269560
1,2,1313,3,no,no,no,no,yes,no,2,unfurnished,206387
2,3,933,2,yes,no,yes,no,no,yes,2,semi-furnished,235582
1,2,689,2,yes,yes,no,no,no,no,1,unfurnished,166734
1,2,1199,3,yes,no,no,no,yes,yes,3,unfurnished,238610
3,3,2071,1,yes,no,yes,no,yes,yes,2,unfurnished,379051
1,2,879,1,yes,no,no,no,no,no,1,furnished,165845
2,2,1052,2,no,yes,no,no,no,yes,1,furnished,281153
4,4,2519,2,yes,no,no,no,yes,yes,3,furnished,503704
1,2,1218,1,yes,yes,yes,no,no,yes,2,semi-furnished,215662
4,4,2235,2,yes,no,no,no,yes,no,1,furnished,465933
2,3,1137,2,yes,no,no,no,yes,yes,0,semi-furnished,239665
2,3,1290,2,yes,no,no,yes,yes,yes,0,semi-furnished,258329
3,4,1667,2,no,no,no,no,no,no,1,semi-furnished,295730
3,5,1766,2,yes,no,no,yes,yes,yes,2,semi-furnished,404850
4,4,2390,1,yes,no,no,no,yes,no,2,furnished,477211
4,4,2275,2,yes,yes,no,no,yes,yes,2,unfurnished,433995
4,5,1884,1,yes,no,yes,no,yes,no,2,unfurnished,371332
2,2,1575,3,yes,no,no,yes,yes,yes,0,semi-furnished,302550
2,3,1362,2,yes,yes,no,no,yes,no,0,unfurnished,278412
4,5,2237,2,yes,no,no,no,yes,no,1,furnished,453188
4,5,2393,3,no,yes,yes,no,yes,no,0,unfurnished,398021
6,6,2677,2,yes,yes,yes,no,no,yes,0,furnished,608737
3,3,1692,2,yes,yes,yes,no,yes,yes,2,semi-furnished,369076
3,3,1593,3,yes,no,yes,no,no,no,2,furnished,355393
4,4,1786,3,yes,no,no,no,yes,yes,2,semi-furnished,388801
2,3,1369,2,no,no,yes,yes,yes,yes,2,furnished,306857
5,5,3002,1,no,no,no,no,yes,no,2,semi-furnished,520415
4,4,1731,2,yes,no,yes,yes,yes,yes,2,furnished,416793
3,2,1693,3,no,no,yes,no,yes,no,1,unfurnished,289330
4,5,2228,1,yes,yes,no,yes,no,yes,3,semi-furnished,468311
4,5,2124,1,no,no,yes,no,no,no,0,furnished,399416
2,2,1277,3,yes,yes,no,no,yes,yes,1,furnished,343043
5,4,2240,1,yes,no,yes,no,yes,yes,1,unfurnished,445347
3,3,1746,3,yes,yes,no,no,no,no,3,furnished,339938
4,4,1948,2,no,no,no,yes,yes,yes,3,semi-furnished,387964
2,3,862,2,yes,yes,no,no,yes,no,2,semi-furnished,207091
4,5,2338,1,yes,yes,yes,no,no,no,2,furnished,497231
3,3,1891,3,yes,no,no,no,no,yes,2,furnished,378020
1,1,910,2,yes,no,no,no,yes,no,3,semi-furnished,181450
5,6,2545,2,yes,no,no,no,yes,yes,2,furnished,547737
1,1,1114,2,no,no,no,no,yes,no,3,furnished,199929
2,3,1344,3,yes,no,yes,no,no,yes,1,furnished,295586
5,5,2680,4,no,no,no,no,no,no,1,furnished,549216
5,5,2440,2,yes,no,yes,no,yes,no,2,furnished,489088
3,2,1962,2,yes,no,yes,no,no,yes,0,unfurnished,352997
3,4,1764,4,yes,no,no,no,no,no,3,semi-furnished,366314
3,5,1738,2,yes,no,yes,yes,yes,yes,2,unfurnished,354188
2,2,1045,1,yes,no,yes,no,no,yes,3,furnished,263707
2,1,1357,1,yes,yes,yes,no,yes,yes,1,furnished,323235
3,2,1533,3,yes,yes,no,no,yes,yes,2,unfurnished,293862
4,4,1972,2,yes,no,no,no,yes,yes,1,semi-furnished,380288
4,4,1936,2,yes,no,no,no,no,yes,2,furnished,414808
4,3,1886,2,yes,yes,yes,no,yes,yes,2,semi-furnished,422642
1,2,1324,1,yes,no,no,no,yes,yes,3,semi-furnished,277719
3,3,1966,2,yes,no,no,no,no,yes,2,unfurnished,322002
1,1,1284,1,yes,yes,no,no,yes,no,1,furnished,261716
3,5,1455,2,yes,no,yes,yes,no,no,3,semi-furnished,341458
3,3,1714,2,yes,no,no,yes,yes,yes,1,unfurnished,353751
4,6,1841,2,yes,no,no,no,yes,no,1,unfurnished,366622
3,3,1560,3,yes,no,yes,no,yes,no,0,unfurnished,297314
2,3,1116,3,yes,no,yes,no,no,no,2,furnished,293062
2,3,1547,3,yes,no,yes,no,yes,yes,1,unfurnished,315618
4,5,2020,1,yes,no,no,no,yes,yes,1,unfurnished,427297
3,5,1913,1,yes,no,yes,no,no,no,3,unfurnished,375734
2,2,1420,2,yes,no,no,no,yes,no,2,unfurnished,254470
1,3,1360,3,yes,no,yes,no,no,yes,0,unfurnished,230717
4,4,1804,3,yes,no,no,no,no,yes,2,furnished,400633
1,1,1151,3,yes,yes,yes,no,yes,no,3,furnished,231318
4,4,2329,2,yes,yes,no,no,yes,no,0,unfurnished,400178
4,5,1905,2,yes,yes,no,no,yes,no,2,furnished,445861
1,1,1101,2,no,yes,yes,no,yes,yes,2,furnished,247314
1,2,967,1,no,no,no,no,no,yes,2,semi-furnished,206326
6,6,2854,1,yes,no,yes,no,no,yes,1,unfurnished,534231
3,4,1535,3,yes,no,no,no,yes,yes,2,furnished,355568
3,4,1556,1,yes,no,no,no,yes,yes,0,semi-furnished,315408
4,4,2509,1,yes,no,yes,no,yes,no,2,furnished,509783
5,5,2500,1,yes,no,yes,no,yes,yes,0,furnished,534084
6,6,3056,3,yes,no,yes,no,yes,no,1,furnished,637491
4,4,1941,2,yes,no,no,no,yes,yes,0,furnished,404276
3,2,1544,2,yes,no,no,yes,yes,yes,2,unfurnished,290620
1,1,1116,3,no,no,no,yes,yes,yes,1,unfurnished,245089
4,4,1830,2,yes,yes,yes,no,no,yes,1,unfurnished,396169
3,5,1616,2,no,no,yes,no,yes,no,1,furnished,328081
3,4,1706,1,no,no,no,no,no,yes,2,semi-furnished,279966
5,5,2522,1,yes,yes,yes,no,yes,yes,1,furnished,550809
2,3,1264,3,yes,no,no,no,no,yes,2,furnished,311901
3,3,1779,3,yes,no,yes,yes,yes,yes,0,semi-furnished,349205
1,1,1038,2,yes,yes,yes,yes,no,no,0,unfurnished,210993
3,4,1846,2,yes,no,no,no,no,yes,2,furnished,396241
1,1,702,2,yes,no,no,no,yes,no,3,furnished,166064
2,2,1243,1,yes,no,no,no,yes,no,0,unfurnished,230282
2,4,1538,1,yes,no,yes,no,no,yes,0,semi-furnished,292350
3,4,1878,1,yes,no,yes,no,no,yes,0,unfurnished,338625
4,5,1825,1,yes,no,no,yes,no,no,2,unfurnished,360403
3,4,1770,3,yes,no,no,yes,no,no,1,semi-furnished,337892
5,6,2104,1,yes,no,no,no,yes,yes,2,furnished,521727
3,3,1709,1,yes,yes,yes,no,yes,yes,0,unfurnished,342956
2,2,1679,2,yes,no,no,no,yes,yes,0,furnished,343178
4,3,1910,3,yes,no,no,no,no,yes,1,furnished,410939
2,2,1133,1,yes,no,no,no,yes,yes,2,unfurnished,244455
5,6,2652,1,no,no,no,no,yes,yes,2,semi-furnished,493599
1,1,591,2,yes,no,no,yes,no,yes,0,furnished,157355
5,6,2373,3,yes,no,no,no,no,yes,3,semi-furnished,467572
1,3,1019,2,yes,no,no,no,yes,yes,1,unfurnished,227068
4,5,1973,3,no,yes,no,no,yes,no,2,furnished,436786
3,4,1652,4,yes,no,no,yes,yes,yes,2,furnished,428626
6,6,3048,3,yes,no,no,no,yes,no,1,furnished,667419
1,1,984,2,yes,no,no,yes,no,yes,2,furnished,232708
3,4,1753,2,yes,no,yes,no,yes,no,2,unfurnished,335728
5,5,2432,1,yes,yes,yes,no,no,yes,1,unfurnished,442918
3,4,1774,4,yes,no,yes,no,no,no,2,semi-furnished,377068
3,3,1675,2,no,no,yes,no,yes,yes,1,furnished,368755
3,4,1791,1,yes,yes,yes,no,yes,yes,2,furnished,421218
3,5,1600,2,yes,yes,yes,no,yes,no,1,furnished,410645
3,3,1663,1,yes,yes,yes,no,yes,yes,2,furnished,367105
3,3,1502,2,yes,no,no,yes,yes,no,1,furnished,306089
5,6,2492,2,no,no,yes,no,no,yes,0,semi-furnished,477263
1,1,737,2,yes,no,yes,no,yes,yes,1,furnished,210130
2,3,1077,3,yes,no,no,no,no,yes,0,unfurnished,234337
5,6,2551,1,yes,no,no,no,yes,no,2,unfurnished,441206
4,4,2142,2,no,yes,no,no,yes,yes,1,semi-furnished,426773
3,3,1856,2,yes,no,no,no,no,no,2,furnished,345953
3,3,1613,2,yes,no,no,no,yes,yes,1,unfurnished,290805
2,3,1381,3,yes,no,no,no,yes,no,2,unfurnished,257410
2,2,1410,2,yes,no,no,yes,yes,yes,2,furnished,297361
3,4,1788,2,no,no,no,yes,yes,yes,3,unfurnished,357357
3,3,1534,1,yes,no,no,no,no,yes,3,unfurnished,303807
3,4,1729,3,yes,no,no,no,yes,yes,2,semi-furnished,391765
1,2,972,2,yes,no,no,no,yes,yes,2,furnished,222342
5,6,2501,3,yes,yes,yes,yes,yes,yes,1,semi-furnished,518481
6,6,2482,1,yes,no,no,no,no,yes,2,semi-furnished,523839
3,4,1732,1,no,no,no,no,yes,yes,3,semi-furnished,339263
3,4,2142,2,yes,yes,no,no,yes,yes,0,unfurnished,411920
2,3,1227,3,no,yes,no,no,yes,yes,2,unfurnished,265056
4,6,1954,2,yes,yes,no,no,yes,yes,1,furnished,407746
3,3,1774,3,yes,no,no,yes,yes,no,2,semi-furnished,364675
2,2,1362,2,yes,no,no,no,yes,no,1,semi-furnished,269666
5,6,2738,2,yes,no,yes,no,yes,yes,2,furnished,609620
4,4,1848,1,no,no,no,no,yes,no,2,furnished,345604
5,6,2646,3,no,no,yes,yes,yes,no,3,unfurnished,477260
4,5,2218,1,yes,no,yes,no,no,yes,2,semi-furnished,427293
3,2,1671,3,yes,yes,no,no,no,yes,2,furnished,350625
3,4,1767,3,yes,no,yes,no,yes,no,1,furnished,421284
5,5,2705,3,no,no,no,yes,yes,no,1,semi-furnished,490744
4,5,2274,2,no,yes,yes,yes,yes,no,1,semi-furnished,435942
1,2,671,2,yes,no,yes,yes,no,no,1,furnished,185288
1,3,1064,3,yes,no,no,no,yes,yes,1,semi-furnished,238900
3,2,1687,1,yes,yes,yes,yes,no,yes,2,furnished,308708
4,4,2114,2,yes,yes,no,no,yes,yes,2,furnished,451304
6,6,2914,1,yes,yes,no,yes,yes,yes,2,semi-furnished,542608
2,3,1269,2,yes,no,no,no,no,yes,1,furnished,291228
3,4,1938,1,yes,no,no,yes,no,yes,1,unfurnished,341782
3,3,1683,1,yes,no,no,no,no,yes,2,furnished,357911
5,5,2276,2,no,yes,no,no,yes,yes,0,semi-furnished,405855
4,4,2021,2,yes,no,no,no,yes,yes,1,furnished,430250
4,5,2135,2,yes,no,yes,no,yes,yes,0,furnished,491732
3,3,1945,1,yes,yes,no,yes,yes,yes,0,unfurnished,376588
3,3,1820,2,yes,no,no,no,yes,yes,1,semi-furnished,363397
2,4,1129,1,yes,no,no,no,yes,no,0,unfurnished,190770
1,1,1397,2,yes,no,no,yes,yes,no,1,semi-furnished,260010
4,6,2152,2,yes,yes,no,no,yes,yes,2,semi-furnished,459932
4,5,2355,2,yes,yes,no,yes,no,yes,0,unfurnished,426256
6,6,2869,3,yes,no,no,no,no,no,1,semi-furnished,497393
6,6,3006,2,yes,no,yes,no,yes,yes,3,semi-furnished,613077
3,2,1867,3,yes,no,yes,no,yes,no,2,unfurnished,325196
4,5,2343,2,yes,no,no,no,yes,yes,1,unfurnished,433083
5,6,2711,2,yes,no,no,yes,no,no,3,furnished,560635
4,5,2274,2,yes,no,yes,no,yes,no,1,semi-furnished,466391
2,2,1236,1,yes,no,yes,yes,no,no,0,furnished,255460
3,4,1585,2,yes,no,yes,no,no,yes,3,furnished,378277
2,3,1366,2,no,no,no,yes,yes,no,2,semi-furnished,289788
5,6,2686,2,yes,no,no,no,yes,no,1,unfurnished,462155
3,4,1655,1,yes,no,no,no,no,no,2,semi-furnished,331916
2,3,1513,1,yes,no,yes,no,yes,yes,2,unfurnished,288587
3,4,1990,3,yes,no,yes,no,yes,no,0,furnished,391419
3,2,1516,2,yes,yes,yes,no,no,yes,1,semi-furnished,318089
3,3,1532,1,yes,no,yes,no,yes,yes,1,unfurnished,318674
2,1,1271,2,yes,no,no,no,no,yes,3,furnished,303672
3,3,1761,2,no,no,no,no,no,yes,0,furnished,380611
3,3,1595,3,yes,no,yes,no,no,no,2,semi-furnished,316874
4,3,2370,1,yes,no,yes,no,yes,no,0,unfurnished,380655
3,3,1784,1,no,no,yes,no,yes,yes,1,semi-furnished,334959
4,4,2107,3,yes,no,no,yes,yes,no,2,semi-furnished,383601
3,4,1412,1,yes,yes,yes,no,no,no,2,semi-furnished,301664
3,5,1436,1,yes,no,yes,yes,no,yes,0,furnished,340834
4,3,2156,4,yes,no,yes,yes,yes,yes,1,unfurnished,427269
3,5,1273,2,yes,no,no,no,yes,yes,2,furnished,286805
2,3,1502,1,yes,no,no,no,yes,yes,0,furnished,294953
1,1,868,1,yes,yes,no,no,no,yes,0,semi-furnished,158907
4,3,2748,1,yes,no,yes,yes,no,yes,2,unfurnished,492502
3,4,2161,1,no,no,no,no,no,yes,2,unfurnished,344043
4,5,2063,3,yes,yes,no,no,no,no,0,unfurnished,385093
2,3,1278,2,yes,no,yes,yes,no,no,2,furnished,287651
2,1,1499,3,no,no,yes,no,no,yes,3,furnished,336972
1,1,1240,3,yes,yes,no,no,yes,yes,0,furnished,270436
3,3,1372,2,yes,yes,yes,no,yes,yes,2,unfurnished,306064
3,3,1342,1,yes,no,no,yes,no,yes,0,unfurnished,251946
3,3,1575,2,yes,no,no,no,yes,yes,0,unfurnished,260953
3,3,1816,3,yes,no,no,no,yes,yes,0,furnished,386649
5,6,2599,3,yes,no,yes,no,yes,yes,1,semi-furnished,532333
2,4,1513,1,no,no,no,no,yes,yes,2,semi-furnished,260990
3,3,1460,2,no,no,no,yes,yes,yes,1,unfurnished,257526
4,6,1636,2,no,no,yes,no,yes,no,2,semi-furnished,363432
3,3,1871,3,no,no,no,no,yes,yes,1,unfurnished,340302
3,3,1534,1,yes,yes,yes,yes,yes,yes,1,furnished,343679
4,4,1696,2,yes,no,yes,no,yes,yes,2,furnished,399666
5,6,2529,3,no,no,no,no,no,no,2,furnished,482472
2,4,1458,2,yes,yes,yes,yes,yes,no,2,furnished,366749
5,6,2475,2,no,no,yes,no,yes,yes,2,furnished,516802
3,3,1608,1,yes,no,yes,no,yes,no,1,furnished,354649
2,3,1268,1,yes,no,no,no,yes,yes,2,furnished,288134
3,3,1625,2,yes,no,no,no,yes,no,1,semi-furnished,334491
6,6,2630,3,no,no,yes,no,no,yes,2,unfurnished,489754
3,4,1557,1,yes,no,no,no,no,yes,3,unfurnished,310065
2,2,1404,2,yes,yes,yes,no,yes,no,0,furnished,264433
3,4,1764,2,yes,no,no,no,yes,yes,1,furnished,344961
2,3,1333,1,yes,no,no,yes,yes,no,2,furnished,295930
1,1,700,2,yes,no,no,no,no,yes,2,unfurnished,116299
2,3,1263,3,yes,yes,no,yes,no,no,0,semi-furnished,249073
2,2,864,3,yes,no,no,yes,yes,yes,3,furnished,264807
2,3,1335,2,yes,no,yes,no,yes,yes,2,unfurnished,291133
2,3,1585,2,yes,no,no,no,no,no,0,furnished,290538
3,4,1405,1,yes,no,yes,no,no,no,0,unfurnished,240829
2,3,1182,3,yes,no,no,no,yes,no,2,furnished,281405
2,3,1365,1,yes,no,yes,no,no,no,0,furnished,308365
4,4,2350,3,no,yes,yes,no,yes,no,0,semi-furnished,421455
3,4,1610,1,yes,no,yes,no,yes,yes,2,unfurnished,311133
3,3,1561,3,yes,yes,yes,no,no,yes,2,unfurnished,315821
2,2,906,3,yes,no,no,no,yes,yes,2,semi-furnished,231638
2,2,1320,3,yes,no,no,no,no,yes,1,furnished,311380
1,1,1308,1,yes,no,no,no,yes,no,2,semi-furnished,195665
2,3,1355,2,yes,no,no,no,yes,yes,3,unfurnished,241634
2,1,1295,2,yes,no,no,yes,yes,no,1,semi-furnished,284519
2,3,1364,3,yes,yes,yes,no,yes,yes,2,unfurnished,289133
1,1,897,1,yes,no,yes,no,yes,no,3,semi-furnished,191579
2,1,1137,4,yes,no,yes,no,no,yes,2,semi-furnished,239673
3,4,1864,3,yes,no,yes,no,yes,yes,2,semi-furnished,395863
2,1,1345,1,yes,no,yes,no,no,no,1,unfurnished,250601
3,3,1703,3,yes,no,yes,no,yes,yes,2,unfurnished,346355
3,4,1504,2,no,no,yes,no,no,yes,2,semi-furnished,354521
3,2,1960,2,yes,yes,yes,no,yes,yes,2,semi-furnished,377975
1,2,1032,2,yes,no,no,no,yes,yes,3,furnished,236058
4,3,1989,2,yes,no,yes,no,yes,yes,0,furnished,435510
3,3,1900,3,no,yes,no,no,yes,no,0,unfurnished,334299
1,2,800,2,yes,no,no,no,yes,yes,0,furnished,196608
4,4,1943,2,yes,no,no,no,yes,yes,2,unfurnished,349471
5,5,2348,2,yes,no,yes,no,no,yes,0,unfurnished,450010
1,1,545,3,no,no,yes,no,no,no,2,unfurnished,117916
2,2,1394,1,no,no,yes,yes,no,no,1,unfurnished,226660
4,5,1733,3,no,yes,yes,yes,yes,yes,1,semi-furnished,390157
4,4,1854,2,yes,yes,yes,yes,no,yes,1,unfurnished,358249
2,3,884,1,yes,no,no,no,no,yes,2,furnished,207384
2,3,1282,1,yes,yes,no,no,yes,no,2,semi-furnished,205822
3,3,1669,2,yes,no,no,yes,yes,no,3,unfurnished,347224
3,5,1634,3,no,no,no,yes,yes,no,2,furnished,372306
3,3,1491,2,yes,no,yes,no,yes,yes,0,unfurnished,297584
3,5,1465,3,yes,no,no,no,yes,yes,0,unfurnished,292455
3,2,1792,1,yes,no,yes,no,yes,yes,3,unfurnished,280519
4,5,1989,2,yes,no,no,no,no,yes,2,furnished,426661
1,1,963,4,yes,no,no,no,yes,yes,0,semi-furnished,212305
2,2,1122,3,yes,no,no,no,yes,yes,2,furnished,289829
4,5,2136,1,yes,no,yes,no,no,no,1,unfurnished,401165
4,5,2360,2,yes,yes,no,yes,no,yes,1,semi-furnished,459077
3,2,1817,1,yes,no,yes,yes,no,no,0,semi-furnished,350569
3,3,1617,2,yes,no,yes,yes,yes,yes,2,semi-furnished,337871
2,3,1351,3,yes,no,yes,no,yes,no,0,furnished,318541
3,4,1651,3,yes,no,yes,no,yes,no,1,furnished,362746
3,5,1701,1,yes,no,no,yes,yes,no,1,furnished,347065
2,3,1234,3,yes,no,no,no,yes,no,0,semi-furnished,223569
2,4,1267,2,yes,yes,yes,no,yes,no,2,unfurnished,247750
3,4,1742,2,yes,no,no,no,no,yes,0,furnished,382377
1,1,701,2,no,yes,no,no,yes,yes,1,furnished,157783
2,2,1096,2,no,no,no,no,yes,no,3,semi-furnished,197235
2,3,1022,2,no,no,no,no,yes,no,1,unfurnished,210914
2,3,979,2,yes,yes,yes,yes,no,no,1,furnished,258961
2,1,1056,2,no,yes,yes,no,yes,yes,1,furnished,271929
4,4,2131,1,no,no,no,no,yes,yes,2,furnished,450379
3,5,1521,3,no,yes,no,no,yes,no,2,furnished,336285
3,4,1802,2,yes,yes,no,no,yes,no,0,furnished,376698
4,4,2106,1,yes,no,no,no,yes,yes,2,furnished,450680
3,3,1306,3,no,no,no,no,yes,yes,2,unfurnished,252336
1,1,1030,3,yes,no,yes,no,yes,yes,2,semi-furnished,202187
3,3,1862,3,yes,no,yes,no,no,yes,0,furnished,382491
3,3,1501,2,no,yes,yes,no,yes,yes,0,semi-furnished,354807
4,3,2184,1,yes,no,no,no,no,yes,2,semi-furnished,397129
3,4,1528,2,yes,no,no,no,yes,no,2,unfurnished,320017
2,2,1319,1,yes,no,no,yes,yes,yes,2,furnished,280748
2,3,1047,3,no,no,no,no,yes,yes,1,unfurnished,237416
3,4,1341,1,yes,no,no,no,yes,no,0,unfurnished,275969
3,3,1623,1,yes,no,no,no,yes,no,2,furnished,356875
3,4,1675,2,yes,yes,no,no,yes,no,2,unfurnished,328756
3,3,1620,2,yes,yes,yes,yes,no,yes,0,semi-furnished,365017
6,6,2663,3,yes,no,no,yes,no,no,0,semi-furnished,517405
3,3,1620,2,no,yes,no,no,no,yes,1,furnished,380880
2,3,1353,1,no,no,yes,no,yes,no,2,furnished,253215
2,3,1291,1,yes,no,yes,no,yes,no,2,semi-furnished,270431
2,2,1336,2,yes,yes,no,yes,yes,yes,2,furnished,313084
2,2,1165,1,yes,no,yes,no,yes,yes,2,semi-furnished,236209
2,3,1534,2,yes,yes,no,no,yes,yes,0,furnished,340583
2,3,1064,2,yes,no,yes,no,yes,no,2,semi-furnished,210312
2,2,1397,3,no,no,no,yes,no,yes,3,semi-furnished,261638
2,3,1536,3,no,no,no,no,yes,no,3,furnished,274336
4,4,2196,3,yes,no,yes,no,yes,yes,2,semi-furnished,474818
1,2,859,3,yes,yes,no,no,yes,yes,1,semi-furnished,197053
3,3,1594,1,yes,no,no,no,yes,no,2,furnished,377159
3,4,1907,1,yes,no,no,no,no,no,2,furnished,396524
6,6,2615,2,yes,no,no,no,yes,no,2,furnished,568781
2,2,1105,3,no,no,no,yes,no,yes,1,furnished,237365
3,2,1620,4,no,no,yes,yes,yes,yes,3,unfurnished,304472
5,5,2747,3,yes,no,no,yes,yes,yes,1,semi-furnished,532981
4,5,2175,1,no,no,no,no,no,yes,0,furnished,436719
4,4,1906,3,yes,yes,yes,no,yes,yes,0,furnished,416792
2,3,1237,2,yes,no,yes,no,yes,no,2,furnished,256518
2,1,1177,1,yes,no,yes,yes,yes,yes,1,semi-furnished,226777
3,3,1558,2,yes,no,no,no,yes,yes,0,furnished,376773
5,5,2695,1,no,yes,no,no,no,yes,2,semi-furnished,544485
3,2,1425,2,yes,no,yes,no,no,yes,2,furnished,336449
3,3,2021,2,yes,yes,no,yes,no,no,2,unfurnished,355498
2,2,1465,2,yes,no,no,no,yes,yes,1,furnished,300093
4,4,2318,2,yes,no,yes,no,yes,yes,2,semi-furnished,435078
2,2,1207,3,yes,no,no,no,yes,yes,0,unfurnished,263343
2,3,1270,2,yes,no,no,no,no,no,1,semi-furnished,280441
3,4,1413,2,yes,yes,no,yes,no,no,1,unfurnished,264691
3,2,1595,3,yes,yes,yes,no,yes,no,2,semi-furnished,326363
2,2,1398,3,yes,no,yes,no,yes,yes,1,semi-furnished,280550
2,4,1559,1,yes,yes,yes,no,yes,yes,0,semi-furnished,310879
3,4,1478,2,yes,no,no,no,yes,no,1,unfurnished,308078
2,3,1226,1,yes,yes,no,yes,yes,no,1,semi-furnished,222736
3,3,1669,1,no,no,no,yes,yes,no,3,unfurnished,306609
2,3,1020,2,yes,no,yes,no,yes,no,3,furnished,277224
3,4,1818,3,yes,no,yes,no,no,yes,0,semi-furnished,361674
3,4,1555,1,yes,no,no,no,no,no,0,unfurnished,296461
1,3,860,3,yes,no,no,no,no,no,0,furnished,195233
2,2,1209,3,yes,no,no,yes,yes,no,2,unfurnished,258422
2,1,1142,3,yes,no,no,no,yes,yes,0,furnished,222601
1,2,898,1,yes,no,yes,yes,yes,yes,0,unfurnished,181784
6,6,2856,3,yes,no,yes,no,yes,yes,2,semi-furnished,573669
2,2,1225,2,yes,no,yes,no,yes,yes,1,furnished,234055
4,4,1954,2,yes,no,yes,no,no,yes,0,unfurnished,351760
2,1,1363,1,yes,yes,yes,no,yes,no,1,furnished,267272
3,3,2030,1,yes,no,yes,yes,no,yes,1,furnished,435954
4,5,2127,3,yes,no,yes,no,no,yes,2,furnished,465689
3,4,1899,2,yes,yes,yes,no,no,yes,3,semi-furnished,377262
3,3,1421,1,yes,yes,no,no,no,yes,0,unfurnished,293869
3,3,1731,1,yes,no,yes,no,yes,no,1,furnished,328419
2,1,1080,2,yes,no,no,no,no,yes,3,semi-furnished,187055
5,5,2204,1,yes,no,no,no,yes,yes,2,furnished,480920
4,5,1952,3,no,no,no,no,no,no,1,unfurnished,325285
5,6,2738,1,yes,no,no,no,yes,no,2,furnished,525600
2,3,1490,1,yes,no,yes,yes,yes,yes,0,furnished,336688
4,3,2148,2,yes,yes,no,no,yes,no,2,furnished,459993
5,6,2193,2,yes,no,no,no,yes,no,3,semi-furnished,463245
2,3,1260,2,yes,yes,no,yes,yes,no,2,unfurnished,273375
1,2,960,2,yes,yes,yes,yes,yes,yes,1,semi-furnished,249732
4,4,2135,4,yes,yes,yes,no,no,no,0,furnished,415358
3,3,1331,2,yes,no,yes,no,yes,yes,2,semi-furnished,314264
4,4,1921,1,yes,yes,no,no,yes,yes,2,unfurnished,364927
2,1,1287,2,yes,yes,no,no,yes,yes,2,furnished,273057
4,4,2207,3,yes,no,yes,no,yes,yes,0,furnished,487124
2,2,860,2,yes,yes,no,no,yes,no,2,furnished,186424
2,2,1267,1,yes,no,no,no,no,yes,2,unfurnished,203017
2,3,1328,3,yes,no,no,no,yes,yes,1,semi-furnished,289199
4,4,2269,2,yes,no,no,no,yes,yes,1,semi-furnished,439499
3,2,1838,2,yes,yes,no,no,yes,yes,1,furnished,387478
3,5,1816,1,no,yes,yes,no,yes,no,2,furnished,376759
3,5,1540,1,yes,no,no,no,yes,yes,2,unfurnished,329676
4,5,1718,2,yes,yes,yes,no,no,no,2,furnished,423190
3,5,1621,1,no,no,no,no,yes,no,1,unfurnished,296226
4,5,2300,2,yes,yes,no,no,yes,no,3,semi-furnished,421653
3,5,1978,2,yes,no,no,no,yes,no,2,furnished,402459
3,2,1842,1,no,no,no,no,yes,yes,1,semi-furnished,344398
3,3,1785,3,yes,no,yes,no,no,no,0,unfurnished,346743
2,2,1375,3,yes,no,yes,no,yes,no,1,semi-furnished,264369
4,4,1988,3,yes,no,no,no,yes,no,3,unfurnished,370566
3,3,1673,1,yes,no,yes,no,no,no,1,furnished,343790
2,3,1633,1,yes,no,no,no,yes,no,1,semi-furnished,294205
4,5,1911,2,yes,no,yes,no,no,no,0,unfurnished,349698
3,4,2022,1,no,yes,yes,no,yes,no,2,unfurnished,301756
3,3,1635,4,no,yes,yes,no,yes,yes,1,semi-furnished,370565
5,6,2765,1,no,no,no,no,no,yes,1,semi-furnished,539683
3,4,1418,2,no,yes,no,no,no,yes,1,furnished,315686
2,2,1417,2,no,no,yes,no,yes,yes,1,furnished,281162
5,6,2352,2,yes,yes,yes,no,no,no,1,furnished,515033
3,3,1416,1,yes,no,no,no,yes,no,2,furnished,305507
2,2,1343,2,yes,yes,yes,no,yes,no,2,furnished,321394
2,4,1501,1,no,no,no,no,yes,no,2,furnished,302530
4,4,1931,3,yes,yes,no,no,yes,yes,2,unfurnished,370867
3,3,1400,1,yes,yes,no,no,no,no,0,semi-furnished,246631
3,4,1681,3,yes,yes,no,yes,yes,yes,2,semi-furnished,379268
4,5,2082,3,yes,no,no,no,yes,yes,0,unfurnished,406830
4,3,2209,1,yes,yes,no,no,no,yes,0,furnished,466353
2,2,1489,3,yes,no,no,no,yes,no,3,semi-furnished,263800
2,1,1288,1,yes,yes,no,yes,yes,yes,2,semi-furnished,297756
2,3,1671,4,yes,yes,yes,no,yes,no,2,furnished,332574
4,4,2144,2,yes,no,no,no,yes,yes,2,unfurnished,413472
1,1,830,2,yes,no,yes,yes,no,yes,3,furnished,177548
3,5,1377,2,yes,no,no,yes,yes,yes,2,furnished,332919
4,5,2047,1,yes,no,no,yes,yes,yes,2,furnished,483906
4,4,2032,4,yes,no,yes,no,no,no,2,unfurnished,404467
2,3,1492,1,no,no,yes,yes,yes,yes,1,semi-furnished,281017
4,5,2192,2,yes,no,no,no,yes,no,0,semi-furnished,397065
2,1,1064,2,yes,no,no,no,no,no,2,semi-furnished,207476
4,4,2134,3,yes,no,no,no,yes,no,1,furnished,450824
2,3,1434,1,yes,no,no,no,yes,yes,0,semi-furnished,299165
3,3,2005,2,no,no,yes,no,yes,no,1,semi-furnished,349555
4,5,2277,2,yes,yes,no,yes,yes,yes,1,furnished,461390
2,2,1452,3,yes,yes,no,no,yes,yes,3,semi-furnished,305791
2,1,1312,1,yes,no,no,no,yes,yes,2,furnished,267357
4,4,2177,1,no,no,yes,no,no,no,2,furnished,411263
4,4,2349,1,yes,no,no,no,yes,yes,3,unfurnished,429833
3,3,1433,3,yes,yes,yes,yes,yes,yes,3,semi-furnished,335895
3,2,1630,1,yes,no,yes,no,no,yes,2,semi-furnished,330160
3,4,1545,2,no,yes,no,no,yes,yes,3,semi-furnished,313281
2,4,1375,1,yes,no,yes,yes,no,yes,1,furnished,328284
2,3,1546,3,yes,yes,yes,no,yes,no,1,semi-furnished,282904
2,3,1180,3,yes,no,no,no,yes,yes,1,unfurnished,229045
5,5,2021,2,yes,no,no,no,no,no,2,semi-furnished,402037
3,5,1617,2,yes,yes,no,no,yes,no,2,unfurnished,356876
3,3,1882,1,yes,no,no,no,no,no,2,unfurnished,335536
3,5,1807,1,yes,no,no,yes,yes,yes,2,semi-furnished,388875
5,6,2585,1,no,yes,yes,no,yes,no,0,unfurnished,491541
2,3,1244,2,yes,no,yes,no,yes,yes,0,semi-furnished,340100
3,5,1444,2,yes,no,yes,yes,yes,yes,2,semi-furnished,340275
3,4,1803,3,yes,no,no,no,no,no,0,furnished,394522
3,3,1533,2,yes,yes,yes,no,yes,no,2,semi-furnished,343610
1,1,1336,2,no,no,yes,no,no,no,2,unfurnished,235240
4,5,2214,2,yes,no,no,yes,yes,no,2,unfurnished,439164
5,4,2383,2,yes,no,no,no,yes,yes,1,unfurnished,429573
3,4,1577,1,no,no,no,no,yes,no,2,furnished,319202
3,5,1681,2,yes,no,no,no,yes,yes,2,furnished,393623
5,5,2452,2,no,yes,yes,no,yes,yes,3,furnished,541722
4,5,2323,3,yes,yes,no,no,yes,no,2,furnished,497144
2,4,1337,3,no,no,no,no,yes,no,2,semi-furnished,296316
3,5,1553,2,yes,no,no,yes,no,yes,0,furnished,346201
3,5,2078,1,yes,yes,yes,no,no,yes,2,semi-furnished,407984
3,4,1709,2,no,yes,no,no,yes,yes,3,semi-furnished,355320
4,6,2253,2,yes,no,no,no,yes,yes,1,furnished,482297
5,6,2378,1,yes,no,yes,no,yes,no,1,furnished,473883
5,5,2572,3,yes,yes,no,no,yes,no,0,unfurnished,450037
3,3,1762,4,no,yes,yes,no,yes,no,2,furnished,399503
2,3,922,3,yes,no,no,no,yes,no,1,furnished,258336
6,6,3303,1,no,no,no,no,no,yes,0,unfurnished,531267
4,5,2358,3,yes,no,yes,no,yes,yes,2,unfurnished,426774
2,3,1220,3,yes,no,yes,no,yes,yes,2,unfurnished,268004
5,5,2279,2,no,no,yes,yes,yes,no,1,furnished,445490
4,5,2169,2,yes,no,yes,yes,no,no,1,furnished,451422
3,4,1717,3,yes,no,yes,yes,yes,no,1,unfurnished,298319
3,3,1771,2,yes,yes,yes,no,no,yes,1,unfurnished,368901
3,2,1738,2,yes,no,no,yes,no,yes,1,semi-furnished,312801
1,1,1001,2,yes,no,yes,no,no,no,2,furnished,245944
2,2,1589,2,no,no,no,no,no,yes,2,furnished,334702
4,6,2213,1,yes,no,no,yes,yes,no,2,furnished,454617
1,1,690,3,yes,no,no,no,yes,yes,1,semi-furnished,142150
2,3,1572,2,yes,no,no,yes,yes,yes,2,furnished,336115
3,3,2028,2,yes,yes,yes,no,yes,no,2,unfurnished,365267
3,3,2330,1,yes,no,yes,no,yes,yes,0,furnished,461862
5,6,2275,2,no,no,no,no,yes,no,0,unfurnished,395469
2,3,1348,1,yes,no,no,yes,yes,no,2,furnished,301001
2,1,883,1,yes,no,no,no,no,yes,2,semi-furnished,198464
4,4,2210,2,yes,no,no,no,yes,no,1,furnished,438472
3,2,1590,2,yes,no,no,no,yes,yes,2,unfurnished,287559
2,2,1684,2,no,yes,no,no,no,yes,2,semi-furnished,301936
3,4,1545,1,yes,yes,no,no,yes,no,3,furnished,334871
2,2,962,2,yes,no,yes,no,no,yes,0,unfurnished,209608
2,2,1205,1,yes,no,yes,no,no,yes,2,semi-furnished,256438
3,3,1304,4,yes,no,no,yes,yes,no,0,unfurnished,268714
3,5,1850,2,yes,no,no,no,yes,yes,2,unfurnished,392324
5,6,2086,2,yes,yes,no,no,yes,no,2,unfurnished,413671
3,2,1705,2,no,no,yes,no,no,no,1,furnished,356581
3,4,1284,1,no,yes,no,no,yes,yes,2,furnished,319783
3,3,1635,4,yes,no,yes,no,yes,yes,0,unfurnished,322435
1,1,1228,1,yes,no,no,no,no,yes,2,semi-furnished,218494
3,4,1772,2,yes,no,yes,no,yes,yes,1,furnished,397459
2,4,1127,2,no,yes,yes,yes,no,no,2,unfurnished,245835
5,6,2493,1,no,yes,yes,no,no,no,0,furnished,495047
2,3,1303,3,yes,no,yes,no,no,yes,2,unfurnished,243053
3,3,1794,2,yes,no,no,no,no,no,2,unfurnished,327365
1,2,626,1,yes,no,yes,no,yes,no,2,unfurnished,166082
6,6,3018,1,yes,yes,yes,no,no,yes,0,furnished,647596
3,4,1159,1,yes,no,no,no,yes,no,2,semi-furnished,261483
3,3,1574,3,yes,no,no,no,yes,no,0,semi-furnished,317618
1,2,802,2,yes,no,yes,no,yes,yes,2,semi-furnished,212970
4,4,2226,1,yes,no,yes,no,no,yes,2,furnished,488540
2,2,1304,1,yes,yes,no,no,no,no,2,semi-furnished,230063
4,6,1818,2,yes,no,no,yes,no,yes,2,semi-furnished,370928
2,2,1103,2,yes,no,yes,no,yes,yes,0,semi-furnished,234106
2,3,1339,2,yes,no,no,yes,no,no,2,unfurnished,247332
1,1,884,2,yes,no,yes,no,no,no,1,semi-furnished,169545
3,2,1584,1,yes,no,yes,no,yes,yes,3,furnished,322508
3,2,1603,2,yes,yes,no,no,yes,yes,2,semi-furnished,361361
1,1,1039,4,yes,no,no,no,yes,yes,2,unfurnished,202199
4,5,1996,1,yes,no,yes,no,yes,yes,3,furnished,465202
3,3,1682,2,yes,no,no,no,yes,yes,1,semi-furnished,356522
3,5,2133,2,yes,yes,yes,no,yes,yes,3,furnished,431454
3,4,1415,2,yes,no,yes,no,yes,yes,1,furnished,339136
3,3,1329,1,yes,yes,yes,no,yes,yes,2,unfurnished,285737
3,4,1856,3,yes,yes,yes,no,yes,yes,2,unfurnished,367993
2,3,1164,2,yes,no,no,no,yes,yes,0,semi-furnished,241894
2,3,1236,2,yes,no,no,no,no,yes,1,unfurnished,271262
4,4,1943,2,yes,no,yes,yes,yes,yes,0,unfurnished,393629
5,5,2448,1,yes,no,no,no,yes,no,3,unfurnished,462920
3,4,2019,1,yes,no,no,no,yes,yes,0,semi-furnished,372936
2,4,1460,3,yes,no,no,no,yes,no,2,semi-furnished,263072
3,4,1872,1,no,no,no,no,no,no,2,semi-furnished,290878
3,3,1416,2,yes,yes,yes,no,yes,yes,1,furnished,318919
1,2,669,2,yes,no,no,no,yes,no,1,semi-furnished,155539
2,2,732,2,yes,no,no,no,no,yes,2,unfurnished,179475
4,4,1938,2,no,no,no,no,yes,yes,0,unfurnished,350356
3,3,1891,2,yes,no,no,no,yes,yes,2,unfurnished,338548
1,2,1003,1,yes,yes,yes,no,yes,yes,1,furnished,283298
2,2,1255,2,no,no,no,yes,yes,yes,1,semi-furnished,229871
2,2,1295,2,yes,yes,yes,no,no,yes,2,furnished,324916
3,4,1562,2,no,no,yes,no,yes,no,1,furnished,340944
1,1,940,1,no,yes,yes,no,no,no,3,unfurnished,174581
2,1,1453,2,yes,no,no,no,no,yes,2,semi-furnished,293760
4,3,1776,1,yes,no,yes,no,yes,yes,1,unfurnished,378370
2,4,1359,1,yes,no,no,no,yes,yes,1,furnished,300051
3,4,1886,1,yes,no,yes,no,yes,yes,1,semi-furnished,389070
2,2,1216,3,yes,no,no,yes,yes,no,1,semi-furnished,248693
1,2,1040,1,yes,no,yes,no,yes,yes,2,furnished,244868
2,3,1862,1,yes,no,no,yes,yes,yes,2,furnished,378341
4,4,2079,1,yes,no,no,no,yes,no,1,furnished,407691
4,5,2178,1,yes,no,no,yes,no,no,0,semi-furnished,392206
4,5,1952,2,yes,yes,yes,no,yes,yes,1,unfurnished,387627
3,4,1736,1,yes,no,no,yes,yes,yes,0,unfurnished,341347
3,3,1792,1,yes,yes,no,no,no,yes,2,unfurnished,330135
2,3,1338,2,yes,no,no,no,yes,yes,2,unfurnished,238605
2,3,1096,2,yes,no,yes,no,yes,yes,1,unfurnished,228051
4,4,2141,3,yes,no,no,no,yes,yes,1,semi-furnished,354880
1,1,1192,2,no,no,yes,no,yes,no,3,semi-furnished,208552
1,1,989,1,yes,no,no,no,yes,yes,0,semi-furnished,186266
2,2,1492,2,yes,yes,no,no,yes,yes,2,unfurnished,280317
1,2,852,1,yes,no,yes,no,yes,yes,1,furnished,252629
2,1,1449,2,yes,yes,no,no,no,yes,2,furnished,316110
3,3,1755,2,yes,no,no,no,yes,no,2,unfurnished,325209
3,4,1509,1,yes,yes,no,no,yes,yes,0,furnished,313376
4,3,2163,2,yes,no,yes,no,yes,yes,2,unfurnished,398267
4,6,1901,3,no,no,no,yes,yes,yes,2,unfurnished,374386
2,2,1173,4,yes,yes,no,no,yes,yes,0,furnished,265752
2,2,1337,2,yes,no,yes,no,no,yes,0,semi-furnished,250114
3,3,1759,2,no,no,yes,yes,yes,yes,2,unfurnished,298917
3,3,1462,1,yes,no,no,no,yes,yes,2,furnished,307338
2,1,1510,1,yes,no,yes,no,yes,yes,2,unfurnished,293681
3,4,1814,2,yes,yes,no,yes,yes,yes,2,unfurnished,352821
3,5,1559,2,yes,yes,yes,no,yes,no,2,furnished,366013
3,3,1392,3,yes,no,yes,no,yes,no,2,furnished,331137
3,4,1671,2,yes,no,no,no,yes,no,2,furnished,382745
2,3,1210,2,no,no,no,no,yes,no,1,furnished,252164
5,6,2522,2,no,yes,no,no,yes,yes,3,furnished,561243
4,4,2027,3,no,yes,no,no,yes,no,0,unfurnished,346307
2,2,898,2,no,no,no,no,yes,yes,1,furnished,204701
4,4,2022,2,yes,yes,yes,no,no,yes,2,unfurnished,406719
3,4,1638,2,yes,no,no,no,yes,yes,1,furnished,404197
4,5,2226,3,yes,yes,yes,yes,no,yes,0,semi-furnished,480221
4,4,1960,1,yes,yes,no,no,yes,no,0,semi-furnished,384616
3,3,2035,3,no,no,yes,no,yes,yes,2,unfurnished,373228
1,3,517,2,yes,no,yes,yes,yes,yes,3,semi-furnished,207613
2,3,1562,2,no,no,no,no,yes,yes,2,furnished,339549
3,5,1655,2,no,yes,yes,yes,yes,yes,2,unfurnished,300726
3,4,1871,2,no,no,yes,no,yes,yes,1,furnished,379719
2,2,1315,1,no,no,no,no,no,yes,1,furnished,269882
2,3,1527,3,yes,no,no,no,yes,yes,0,semi-furnished,260612
4,5,2022,2,yes,no,no,yes,yes,no,1,unfurnished,357688
6,5,2680,2,yes,no,no,no,yes,yes,1,furnished,557093
3,4,1984,1,yes,no,yes,no,no,yes,0,semi-furnished,369810
2,3,1277,2,yes,no,no,no,no,no,0,semi-furnished,232853
2,2,1344,2,no,no,yes,no,yes,no,2,unfurnished,238497
1,2,1146,2,no,yes,no,no,no,yes,2,furnished,259754
5,6,2293,2,yes,no,no,no,yes,yes,3,furnished,515829
2,4,1419,2,yes,no,no,no,yes,no,2,semi-furnished,272951
3,2,1582,4,yes,no,no,yes,yes,yes,0,furnished,322432
2,2,1273,2,yes,no,yes,no,no,yes,2,unfurnished,276246
3,4,1714,3,yes,no,no,no,no,yes,0,semi-furnished,325384
3,3,1399,1,yes,no,no,no,no,no,2,unfurnished,240139
4,5,1944,2,yes,yes,yes,yes,yes,no,2,unfurnished,395541
2,3,1570,2,yes,no,yes,no,no,no,2,unfurnished,269061
1,1,1077,2,yes,no,no,no,yes,yes,3,semi-furnished,207082
2,3,1287,3,yes,no,no,no,yes,yes,2,unfurnished,268609
5,6,2548,1,yes,no,yes,no,yes,yes,2,furnished,552094
4,4,2041,1,yes,yes,no,no,yes,no,1,unfurnished,416152
3,5,1971,3,yes,no,yes,yes,yes,no,3,semi-furnished,399099
3,4,1659,1,no,yes,yes,yes,yes,yes,0,unfurnished,336436
3,4,1746,2,yes,no,no,no,no,no,3,semi-furnished,298762
2,3,1529,2,yes,no,yes,no,yes,yes,1,unfurnished,277267
5,5,2344,3,yes,no,no,no,yes,yes,0,unfurnished,419541
3,5,2011,1,yes,no,yes,no,no,no,2,unfurnished,344232
3,4,1393,1,no,no,yes,no,yes,yes,0,unfurnished,289470
3,4,2025,2,yes,no,yes,no,yes,yes,2,furnished,460011
1,2,825,3,yes,no,no,no,yes,yes,1,furnished,213892
2,2,1251,2,yes,no,no,no,yes,no,2,unfurnished,226587
4,5,1721,2,yes,yes,no,no,yes,no,2,semi-furnished,354378
1,1,809,2,yes,no,yes,no,yes,no,2,semi-furnished,197705
3,3,1492,3,yes,no,no,yes,no,no,1,furnished,364621
2,2,1178,3,yes,yes,no,no,yes,yes,0,furnished,279115
3,5,1672,4,yes,no,no,no,yes,yes,2,furnished,416273
2,3,1491,1,yes,no,no,no,yes,no,0,semi-furnished,272433
3,4,1741,1,yes,no,no,no,yes,yes,1,furnished,389918
4,5,2161,2,yes,no,yes,no,yes,no,2,furnished,443977
2,3,1080,3,yes,no,no,yes,no,no,1,semi-furnished,217667
3,5,1523,1,yes,no,no,yes,no,no,0,semi-furnished,307957
3,3,2059,1,yes,yes,no,no,yes,yes,0,furnished,437191
3,3,1552,3,yes,no,yes,no,no,yes,0,semi-furnished,306239
5,5,2831,1,yes,no,yes,no,yes,no,2,unfurnished,456054
4,5,2051,2,yes,no,no,yes,yes,no,0,semi-furnished,382860
2,3,1300,2,yes,yes,yes,no,yes,no,3,unfurnished,290202
1,1,1114,2,no,yes,yes,no,yes,yes,0,unfurnished,175002
2,1,1554,3,yes,yes,no,no,no,yes,0,furnished,289813
3,4,1677,2,yes,no,no,no,yes,no,2,furnished,363344
1,1,822,2,yes,no,no,yes,yes,no,0,semi-furnished,154802
3,4,1688,2,no,yes,no,no,no,no,2,semi-furnished,334827
3,5,1767,2,yes,no,yes,no,no,yes,2,semi-furnished,347167
2,2,1478,2,no,no,no,no,no,no,0,furnished,261864
4,4,2100,1,no,no,yes,no,yes,yes,2,semi-furnished,434453
2,3,1423,1,yes,no,no,yes,yes,no,1,furnished,266816
1,2,1227,1,no,yes,no,no,yes,yes,0,unfurnished,240778
4,5,2176,1,yes,no,yes,no,yes,yes,0,furnished,447989
3,5,1762,2,no,yes,yes,yes,no,no,3,unfurnished,361427
3,2,1396,3,yes,no,no,no,no,yes,0,furnished,301338
3,4,1173,3,yes,no,yes,no,no,yes,2,furnished,298825
2,3,1377,3,yes,no,yes,no,yes,yes,2,furnished,319238
4,5,2081,2,yes,no,no,no,no,no,0,unfurnished,380618
4,4,1997,2,yes,no,no,no,no,yes,1,furnished,427248
3,4,1748,2,yes,no,yes,no,yes,yes,2,semi-furnished,388567
2,3,1287,1,yes,no,no,no,yes,no,2,unfurnished,267154
3,3,1925,1,yes,yes,no,no,no,yes,1,semi-furnished,336489
3,3,1717,2,yes,no,yes,yes,yes,yes,2,furnished,365920
1,2,750,4,yes,no,no,no,no,yes,0,unfurnished,139904
5,5,2698,1,yes,no,yes,no,yes,no,3,unfurnished,467776
2,2,1256,1,yes,no,no,no,no,yes,2,semi-furnished,270640
5,5,2605,3,yes,no,no,no,no,no,2,semi-furnished,496937
3,4,1604,1,yes,no,no,no,yes,yes,2,unfurnished,303579
2,3,1170,3,yes,no,no,yes,no,no,2,unfurnished,232177
3,4,1716,3,no,no,yes,no,yes,no,2,semi-furnished,369252
4,4,2102,3,yes,yes,yes,no,yes,yes,2,unfurnished,457400
4,5,2195,2,no,no,no,no,yes,yes,1,furnished,463347
4,5,2046,2,yes,no,no,yes,yes,no,2,furnished,387862
3,4,1332,2,yes,no,yes,yes,no,yes,1,furnished,341561
3,5,1613,2,yes,no,no,no,no,no,1,furnished,367788
4,3,2258,2,no,no,yes,no,yes,yes,1,semi-furnished,426550
2,3,1240,1,yes,no,yes,no,yes,no,0,semi-furnished,261070
3,2,1650,2,yes,no,no,no,yes,yes,1,furnished,356741
2,3,1497,2,yes,yes,yes,no,yes,no,2,semi-furnished,278379
6,6,2757,3,yes,no,no,no,no,yes,1,furnished,573191
5,5,2191,3,no,no,yes,no,yes,yes,2,unfurnished,428496
1,1,867,2,yes,yes,yes,no,yes,yes,0,unfurnished,208348
4,5,2003,1,yes,no,no,no,yes,yes,1,furnished,422096
5,5,2306,3,yes,no,no,no,yes,yes,0,unfurnished,445838
2,3,1264,2,yes,no,no,no,no,yes,0,furnished,282855
3,3,1798,3,yes,yes,no,no,yes,no,2,semi-furnished,381121
5,4,2498,3,yes,yes,yes,no,yes,yes,2,unfurnished,480926
1,2,961,1,no,no,no,no,no,no,1,furnished,144672
3,3,2062,3,yes,yes,no,yes,no,yes,1,semi-furnished,403999
2,2,1231,1,no,no,no,no,no,yes,2,furnished,300039
5,6,2555,2,yes,yes,yes,no,no,yes,0,furnished,571537
5,5,2398,2,yes,no,yes,no,no,no,0,semi-furnished,440744
5,4,2330,1,yes,yes,no,no,yes,no,2,unfurnished,402961
3,3,1583,3,yes,yes,no,yes,yes,yes,0,semi-furnished,311648
4,6,2004,1,yes,no,no,yes,yes,no,3,unfurnished,426546
4,5,2171,1,yes,yes,no,no,no,yes,2,unfurnished,401973
2,3,1769,2,yes,no,yes,no,yes,yes,1,furnished,358519
4,5,1956,3,yes,no,no,no,yes,yes,1,semi-furnished,400787
1,1,816,3,yes,no,no,no,yes,yes,2,semi-furnished,178377
3,3,1687,3,yes,no,no,no,no,yes,0,semi-furnished,358365
2,3,1379,2,yes,yes,yes,no,yes,no,3,furnished,301112
2,2,1352,2,yes,yes,yes,no,yes,yes,2,unfurnished,301852
1,1,1156,1,yes,no,yes,no,yes,no,0,unfurnished,196161
3,3,1214,1,yes,no,no,no,no,yes,2,semi-furnished,291554
2,2,822,2,no,no,yes,yes,yes,yes,0,semi-furnished,230774
4,6,2000,2,no,no,yes,no,yes,no,0,furnished,432945
1,1,1119,2,yes,no,no,no,yes,no,2,semi-furnished,195592
2,3,986,3,yes,yes,yes,no,yes,no,2,unfurnished,233643
3,3,1098,2,yes,no,yes,yes,yes,yes,2,unfurnished,263864
4,6,2214,1,yes,no,yes,yes,yes,no,0,furnished,436842
2,2,1348,1,yes,no,yes,no,yes,no,2,semi-furnished,293297
3,3,1481,3,yes,no,no,no,no,yes,0,semi-furnished,305971
4,5,1902,3,yes,no,no,no,yes,yes,2,furnished,417464
3,4,1506,3,yes,yes,no,no,yes,yes,2,furnished,327477
2,2,1322,1,yes,no,no,yes,no,yes,2,semi-furnished,213470
1,1,774,4,yes,no,no,no,no,yes,2,semi-furnished,194833
4,4,2198,1,yes,no,no,yes,yes,no,2,furnished,434694
1,1,500,1,yes,yes,yes,no,yes,yes,3,furnished,166851
4,4,1928,4,yes,yes,yes,no,no,no,3,furnished,456377
3,3,1474,1,yes,no,no,no,no,no,2,furnished,301191
5,5,2448,2,yes,no,yes,no,yes,yes,3,semi-furnished,510478
4,4,1992,1,yes,no,yes,no,yes,yes,2,furnished,448151
6,6,3059,2,yes,no,no,no,yes,yes,2,furnished,636659
3,5,1328,3,yes,no,no,no,yes,no,0,unfurnished,242904
4,5,2109,2,yes,no,yes,no,yes,no,0,furnished,432197
3,2,1811,2,yes,no,yes,no,yes,yes,2,semi-furnished,369386
3,2,2071,1,no,no,yes,no,yes,no,1,unfurnished,322879
3,5,1603,2,yes,yes,no,no,yes,yes,2,semi-furnished,376235
4,4,2164,2,yes,yes,yes,no,yes,no,1,unfurnished,448608
6,5,2539,1,yes,no,no,no,yes,yes,1,semi-furnished,511541
4,5,1621,2,yes,no,no,no,yes,yes,2,furnished,426054
3,4,1868,1,yes,yes,no,no,yes,yes,3,semi-furnished,391532
3,4,1698,3,no,yes,yes,no,no,yes,0,semi-furnished,336612
4,4,2335,2,yes,no,yes,no,yes,yes,2,furnished,503333
2,1,1025,1,no,yes,no,no,no,no,2,semi-furnished,233466
2,4,1403,2,no,no,no,no,yes,yes,1,unfurnished,254888
3,3,2073,2,yes,no,yes,no,yes,no,1,furnished,392937
2,3,1383,3,no,yes,no,no,yes,yes,0,semi-furnished,253424
2,3,1355,4,yes,no,yes,no,no,no,0,semi-furnished,267179
2,3,1301,2,yes,yes,yes,no,yes,no,1,unfurnished,240050
1,1,585,3,yes,no,no,no,yes,no,0,unfurnished,156680
1,1,1171,2,yes,yes,yes,no,yes,yes,0,unfurnished,227847
6,6,2777,1,yes,yes,no,no,no,yes,2,furnished,616560
3,4,1800,2,yes,yes,no,no,no,no,2,furnished,374676
3,5,1387,2,yes,yes,no,no,yes,yes,2,furnished,333052
3,3,1464,2,yes,yes,no,no,yes,yes,0,semi-furnished,281126
2,2,1587,3,yes,no,no,no,yes,yes,2,unfurnished,273280
5,6,2430,2,no,no,yes,no,yes,no,2,unfurnished,458550
4,5,2390,3,yes,no,no,no,yes,no,2,semi-furnished,458537
1,2,884,3,yes,no,no,yes,no,no,3,semi-furnished,201147
3,3,1331,2,yes,no,yes,no,no,yes,2,semi-furnished,270232
4,5,2278,2,yes,no,yes,no,yes,yes,2,furnished,500655
5,6,2382,2,yes,no,yes,no,yes,no,2,semi-furnished,458110
3,4,1839,4,yes,no,no,no,yes,yes,0,semi-furnished,373093
3,3,1705,2,yes,no,no,no,yes,yes,1,unfurnished,328181
2,1,991,1,yes,no,no,yes,yes,yes,0,furnished,200714
6,6,2932,2,no,no,no,no,yes,yes,0,unfurnished,539200
2,2,1739,2,yes,no,no,yes,yes,yes,0,semi-furnished,359340
5,5,2598,1,yes,no,no,no,yes,yes,2,furnished,559220
3,5,1688,1,yes,no,no,no,no,yes,1,furnished,367687
3,3,1915,2,yes,no,no,no,yes,yes,3,furnished,400539
3,4,1742,2,yes,no,no,no,yes,no,2,semi-furnished,332910
2,2,1341,2,yes,no,no,no,yes,yes,1,furnished,274493
2,3,1081,1,yes,no,no,no,yes,yes,1,semi-furnished,239953
2,4,1346,1,yes,yes,no,no,no,no,1,unfurnished,228750
2,2,1507,2,yes,yes,no,no,no,no,3,semi-furnished,245538
4,3,1932,2,yes,no,no,no,yes,yes,2,unfurnished,370232
3,3,1984,1,yes,no,no,no,no,no,0,furnished,370816
1,1,881,2,yes,yes,no,yes,yes,yes,3,semi-furnished,193032
5,6,2322,2,yes,no,no,yes,no,yes,2,furnished,491432
4,6,2299,1,yes,no,no,yes,yes,yes,0,unfurnished,427674
5,5,2442,1,yes,no,yes,no,yes,yes,2,furnished,514992
6,6,3051,1,yes,yes,yes,no,yes,no,2,semi-furnished,579047
2,2,1241,3,yes,yes,no,no,no,yes,1,semi-furnished,295615
3,4,1688,3,yes,no,no,no,yes,yes,2,semi-furnished,364311
4,3,2198,3,yes,no,no,no,no,no,0,unfurnished,345377
3,4,1758,3,no,no,yes,no,yes,yes,1,furnished,365456
2,3,900,2,yes,no,yes,no,no,no,0,furnished,226136
4,5,1875,2,yes,no,yes,no,yes,no,3,unfurnished,349493
2,2,1485,2,no,yes,yes,no,no,yes,2,semi-furnished,253125
2,3,1273,1,yes,no,no,no,yes,no,0,semi-furnished,248745
3,2,1595,2,yes,no,yes,yes,yes,yes,1,furnished,365678
3,3,1428,3,yes,no,no,no,no,yes,0,unfurnished,289371
3,4,1484,2,yes,no,no,no,no,yes,2,unfurnished,305340
1,2,500,2,yes,no,no,no,yes,no,0,semi-furnished,120493
4,3,2079,1,yes,no,no,no,yes,no,2,unfurnished,350236
2,2,1180,2,yes,no,no,no,yes,yes,3,semi-furnished,265052
2,2,1106,2,yes,no,yes,yes,yes,yes,2,furnished,310875
4,4,2086,3,yes,no,no,no,yes,yes,1,furnished,441143
5,5,2572,2,yes,yes,no,yes,yes,no,1,semi-furnished,467457
4,3,2518,3,yes,no,yes,no,yes,no,1,semi-furnished,432115
4,4,1797,2,yes,yes,yes,no,no,no,2,unfurnished,340305
3,4,1931,3,yes,yes,yes,yes,no,no,2,semi-furnished,389107
3,4,1894,2,yes,no,yes,no,yes,yes,2,unfurnished,323487
1,2,744,2,yes,yes,no,no,yes,yes,1,semi-furnished,190727
3,2,1740,2,yes,yes,no,no,yes,yes,2,semi-furnished,357068
3,5,1608,3,no,no,yes,no,yes,no,0,furnished,320492
2,3,1337,4,yes,no,no,no,yes,yes,1,semi-furnished,263328
4,5,2401,1,yes,no,no,no,yes,yes,2,unfurnished,434713
3,4,1821,1,yes,yes,yes,no,yes,no,0,furnished,382978
1,3,1001,3,yes,yes,no,no,yes,no,2,unfurnished,217512
2,3,1213,2,yes,yes,no,yes,no,yes,2,unfurnished,252737
3,3,1403,2,yes,no,no,yes,no,no,2,semi-furnished,309173
1,2,858,2,no,yes,no,no,yes,no,0,furnished,174080
4,5,2341,1,yes,no,no,no,yes,yes,0,furnished,458647
3,4,1394,3,yes,no,yes,no,no,yes,1,furnished,325203
3,4,1488,3,yes,yes,no,no,yes,yes,1,furnished,375303
3,2,1725,2,yes,no,no,yes,no,yes,3,semi-furnished,337642
4,4,1903,2,yes,no,yes,no,no,no,2,furnished,429388
2,4,1141,3,no,no,no,no,no,yes,1,unfurnished,246182
3,4,1615,1,no,yes,no,yes,yes,yes,3,furnished,329673
3,4,1426,3,yes,no,yes,no,yes,yes,2,furnished,339586
2,2,1105,1,yes,no,no,no,no,yes,1,semi-furnished,203867
4,4,2240,2,no,no,yes,yes,yes,yes,1,unfurnished,394478
4,5,1838,3,yes,yes,no,no,yes,no,0,semi-furnished,368080
3,4,1380,2,yes,no,yes,no,yes,yes,3,semi-furnished,345062
4,5,1973,2,yes,no,no,no,yes,no,2,unfurnished,395729
4,4,2246,2,yes,no,yes,no,no,no,2,unfurnished,397662
4,5,2060,2,yes,no,yes,no,yes,yes,1,unfurnished,399174
4,4,2007,1,no,yes,yes,no,no,no,2,furnished,408907
3,4,1708,4,yes,yes,no,no,no,no,0,unfurnished,321743
3,3,1350,3,yes,no,no,yes,yes,yes,3,furnished,342150
3,3,1798,2,yes,yes,no,no,yes,yes,3,unfurnished,363889
4,5,2176,2,no,no,no,yes,no,no,1,furnished,451956
2,4,1218,1,yes,yes,no,no,yes,no,2,unfurnished,200117
4,3,2301,1,yes,no,yes,no,no,yes,2,unfurnished,409069
4,5,1874,2,yes,no,no,no,no,yes,3,furnished,458794
1,1,1125,3,yes,no,yes,yes,yes,yes,1,unfurnished,214237
4,4,2130,2,yes,no,no,no,no,yes,1,furnished,468524
2,1,1232,3,yes,no,no,no,yes,yes,2,furnished,270836
2,2,1296,1,yes,no,no,yes,yes,yes,2,semi-furnished,265494
4,5,2078,2,no,yes,yes,no,no,yes,1,unfurnished,376622
2,1,1544,1,yes,no,no,yes,no,yes,2,semi-furnished,257609
4,4,1884,2,yes,no,yes,no,yes,yes,0,semi-furnished,403093
4,6,1947,1,yes,yes,yes,yes,yes,yes,2,semi-furnished,447758
3,3,1907,4,yes,no,yes,no,yes,yes,1,unfurnished,365368
1,2,780,1,yes,yes,no,yes,yes,yes,1,unfurnished,151049
2,2,1480,3,yes,no,no,no,yes,no,1,furnished,298266
3,4,2039,2,yes,yes,yes,no,yes,no,1,furnished,452576
6,6,2819,4,yes,no,yes,no,yes,yes,2,furnished,665379
3,3,1836,2,yes,yes,no,no,no,yes,2,semi-furnished,353101
2,2,1069,3,yes,no,no,yes,yes,yes,1,furnished,228174
3,2,1850,1,yes,no,yes,no,yes,yes,0,furnished,396307
3,3,1739,3,yes,no,yes,yes,no,yes,2,unfurnished,337160
4,5,2194,3,yes,no,no,no,no,yes,1,furnished,488382
2,3,1170,1,no,no,no,yes,no,no,2,semi-furnished,228641
4,5,1767,1,no,yes,no,no,yes,yes,2,furnished,390627
3,4,1800,2,yes,no,no,no,yes,yes,3,furnished,401364
5,5,2087,3,yes,yes,yes,no,yes,no,2,furnished,515422
2,2,1236,2,yes,yes,yes,no,yes,no,0,semi-furnished,248302
3,3,1888,2,yes,no,yes,no,yes,yes,2,unfurnished,336863
5,5,2538,1,yes,yes,yes,no,yes,yes,3,furnished,531221
2,3,1689,1,yes,no,no,no,yes,yes,1,furnished,325738
5,6,2705,3,yes,no,no,no,yes,yes,3,unfurnished,499397
3,3,1569,1,yes,no,no,no,yes,yes,2,unfurnished,318679
1,1,905,2,yes,no,yes,no,yes,yes,1,unfurnished,166183
2,3,1290,3,yes,no,no,no,yes,yes,1,unfurnished,289875
4,5,1783,1,yes,no,no,no,yes,no,2,unfurnished,317216
1,1,711,2,yes,no,yes,no,yes,no,1,semi-furnished,204465
3,5,1587,1,yes,yes,no,no,yes,yes,0,unfurnished,352950
2,4,892,2,yes,no,yes,no,yes,yes,0,semi-furnished,234915
3,3,1709,1,yes,no,yes,no,yes,yes,1,furnished,342038
1,1,850,3,no,no,no,no,yes,yes,1,furnished,188641
4,5,1765,2,yes,no,no,no,no,yes,2,furnished,402583
5,6,2580,2,yes,no,yes,no,yes,no,1,furnished,520304
5,6,2643,2,yes,yes,yes,no,yes,no,3,furnished,581004
4,4,2145,1,yes,yes,no,no,no,no,1,furnished,417537
2,2,1235,3,yes,yes,no,yes,yes,no,1,unfurnished,225901
4,5,2218,2,yes,yes,no,yes,yes,no,0,unfurnished,398086
1,2,1036,2,no,yes,yes,yes,yes,no,1,semi-furnished,196737
1,1,961,1,yes,no,yes,no,no,no,0,unfurnished,206883
2,3,1135,2,yes,no,yes,no,yes,yes,2,furnished,279315
3,4,1755,1,yes,no,yes,no,yes,yes,2,unfurnished,353417
4,5,2339,2,yes,yes,yes,no,yes,yes,0,semi-furnished,465624
3,4,1580,1,yes,no,yes,no,yes,no,1,furnished,356195
3,4,2119,3,yes,no,no,no,yes,yes,0,furnished,441303
2,2,1194,1,yes,no,yes,no,no,yes,2,furnished,295099
6,6,2906,3,no,no,no,no,yes,yes,2,furnished,616806
3,3,1565,3,yes,no,yes,yes,yes,no,0,furnished,351567
3,4,1744,1,yes,no,no,yes,yes,yes,1,furnished,379841
2,2,951,2,no,no,yes,yes,yes,no,3,furnished,233119
4,5,1990,1,yes,yes,no,no,no,no,1,furnished,403584
3,3,1481,2,no,no,yes,no,yes,no,2,unfurnished,282502
2,2,1327,3,no,yes,no,yes,yes,yes,1,furnished,299501
1,1,1098,2,no,no,no,yes,yes,yes,2,furnished,235467
3,2,1829,2,yes,no,no,yes,yes,yes,3,semi-furnished,359009
3,4,1225,1,yes,yes,yes,no,yes,yes,3,unfurnished,289340
2,3,1708,2,yes,yes,no,no,no,yes,2,furnished,357612
5,6,2559,1,no,yes,no,no,yes,no,1,unfurnished,442007
2,2,1144,3,yes,yes,yes,no,no,yes,1,furnished,291786
3,2,1731,2,yes,yes,no,no,no,no,1,furnished,342555
5,4,2535,3,yes,yes,no,yes,no,no,3,furnished,535141
3,3,1566,1,yes,yes,no,no,yes,yes,2,semi-furnished,345432
3,4,1739,2,yes,yes,no,no,yes,no,1,furnished,358044
3,3,1578,2,yes,no,no,no,no,no,0,semi-furnished,304211
2,2,1219,1,yes,no,no,no,no,yes,2,furnished,267786
6,6,2762,2,yes,yes,no,no,no,yes,3,unfurnished,567863
3,3,1413,3,no,no,no,no,yes,yes,2,furnished,321767
4,5,2129,3,yes,no,no,yes,yes,yes,0,semi-furnished,437557
2,3,1417,2,yes,no,no,no,no,no,0,semi-furnished,256549
2,2,1402,2,yes,yes,no,yes,yes,yes,1,semi-furnished,255985
1,1,1063,1,yes,no,yes,no,yes,no,3,furnished,216780
3,3,1764,3,yes,no,yes,no,yes,yes,3,unfurnished,370289
3,3,1593,1,no,no,yes,no,yes,yes,3,unfurnished,303506
4,4,2267,3,yes,no,yes,no,yes,yes,2,furnished,451290
3,5,1428,2,yes,no,yes,no,yes,yes,2,unfurnished,317731
5,6,2319,2,yes,no,no,no,yes,yes,2,semi-furnished,451997
2,3,1107,3,yes,no,yes,no,yes,yes,2,semi-furnished,269168
4,4,2316,1,yes,no,no,no,yes,no,2,furnished,490930
4,4,2288,2,yes,no,no,no,yes,no,1,semi-furnished,431777
4,5,2197,2,yes,no,yes,no,no,yes,2,furnished,514469
4,5,2314,1,yes,yes,yes,no,yes,yes,0,semi-furnished,443083
4,5,1924,2,yes,no,no,yes,yes,yes,1,semi-furnished,394960
3,3,1769,2,yes,yes,no,no,no,yes,2,unfurnished,313391
2,3,1274,3,yes,no,no,yes,no,no,3,furnished,273681
1,1,1069,1,yes,no,no,no,yes,no,2,unfurnished,162742
5,6,2476,3,no,yes,no,no,yes,no,0,furnished,489203
3,4,1623,1,yes,no,no,no,yes,yes,3,semi-furnished,365165
4,5,2208,1,yes,yes,no,yes,yes,no,2,unfurnished,364120
3,3,1875,1,no,no,no,yes,no,yes,1,semi-furnished,365502
2,3,1166,1,yes,yes,no,no,no,no,2,furnished,285879
2,2,1287,1,yes,no,yes,no,no,yes,1,furnished,294551
3,3,1488,4,yes,no,no,no,yes,yes,1,furnished,325653
3,3,1200,2,yes,no,no,no,yes,yes,2,semi-furnished,244506
2,3,1340,1,yes,no,no,no,no,yes,0,furnished,270551
3,3,1821,1,yes,yes,yes,yes,yes,no,0,unfurnished,343022
1,1,952,3,yes,no,yes,yes,yes,no,0,semi-furnished,191413
3,4,1310,3,yes,yes,yes,no,no,yes,1,furnished,323210
2,2,1229,1,no,yes,yes,no,yes,no,0,furnished,279966
4,5,1656,1,yes,yes,yes,no,yes,yes,1,furnished,446215
2,2,1573,1,yes,no,no,yes,no,yes,0,furnished,303392
3,2,1482,1,no,no,yes,yes,yes,no,1,semi-furnished,284468
1,2,1151,1,yes,yes,yes,no,yes,no,1,semi-furnished,194649
1,1,1089,2,yes,yes,yes,no,yes,yes,0,unfurnished,205392
3,3,1519,1,no,yes,no,no,yes,yes,2,furnished,348630
3,4,1473,2,yes,no,yes,no,yes,yes,2,unfurnished,322857
3,4,1770,1,yes,no,yes,no,yes,no,0,furnished,359456
2,3,1131,3,yes,yes,no,no,yes,no,2,furnished,267893
3,3,1720,3,yes,no,no,yes,no,yes,3,semi-furnished,341125
4,3,2003,2,yes,no,yes,yes,yes,no,3,unfurnished,373790
4,5,1743,2,yes,no,yes,yes,no,yes,0,furnished,421498
1,2,500,2,yes,no,yes,no,yes,yes,2,unfurnished,113649
3,4,1745,2,yes,no,no,no,yes,no,1,unfurnished,314913
2,3,1187,3,yes,no,yes,no,yes,yes,0,unfurnished,260439
2,3,1189,2,yes,no,no,yes,yes,yes,1,furnished,269972
6,6,3039,3,yes,yes,yes,no,no,no,1,unfurnished,543093
2,2,1534,3,yes,no,no,no,yes,yes,2,unfurnished,276072
3,4,1645,2,yes,no,yes,no,yes,yes,2,semi-furnished,343639
3,3,1631,2,yes,yes,yes,no,yes,no,2,unfurnished,319837
4,4,2200,1,yes,yes,no,yes,yes,no,1,unfurnished,394580
3,4,1428,1,yes,no,yes,no,yes,no,1,semi-furnished,257617
1,2,944,2,no,no,yes,no,yes,yes,1,furnished,233029
2,2,1410,1,yes,no,no,no,yes,yes,1,semi-furnished,262160
3,2,1836,3,no,no,no,yes,yes,no,3,furnished,405877
1,1,512,1,yes,no,yes,no,yes,yes,2,furnished,138823
3,4,1547,2,yes,yes,no,no,yes,yes,3,semi-furnished,324575
1,3,724,2,no,no,no,no,yes,yes,2,furnished,186703
1,1,919,2,yes,no,no,no,yes,yes,1,semi-furnished,195458
3,2,1796,2,yes,yes,no,no,no,yes,1,unfurnished,285504
2,3,1599,3,no,yes,no,no,no,no,1,semi-furnished,270991
3,3,1601,2,no,yes,yes,no,no,no,1,unfurnished,307946
3,4,1600,2,no,no,no,no,yes,yes,2,furnished,336387
4,6,2329,1,yes,no,yes,no,no,no,1,unfurnished,446880
2,1,1359,2,yes,no,yes,no,yes,no,1,unfurnished,234002
2,3,1553,3,yes,no,no,yes,no,no,2,furnished,302126
2,1,1357,2,yes,yes,yes,no,yes,yes,2,furnished,323670
3,3,1468,3,no,no,no,no,yes,yes,1,furnished,360086
4,5,1833,2,yes,no,no,no,yes,yes,2,unfurnished,378287
1,1,589,1,yes,no,no,yes,yes,yes,0,unfurnished,156888
5,6,2632,1,yes,no,yes,no,no,yes,2,furnished,597998
1,2,1137,2,yes,yes,yes,yes,no,yes,0,semi-furnished,218274
3,3,2069,2,no,no,no,no,no,yes,0,furnished,412389
4,4,2268,3,yes,no,no,yes,yes,yes,2,semi-furnished,412798
4,4,2332,1,yes,no,yes,no,yes,yes,1,unfurnished,432338
4,4,1983,2,no,no,yes,no,yes,yes,2,furnished,437827
4,3,1868,2,yes,yes,no,no,no,no,2,unfurnished,371019
2,2,1470,2,yes,no,yes,no,yes,yes,0,unfurnished,297845
4,4,2183,1,yes,no,no,no,no,no,2,unfurnished,390355
1,2,921,1,yes,no,no,yes,yes,no,2,furnished,206666
4,5,2177,1,yes,no,no,no,yes,no,0,furnished,448593
3,4,1764,1,no,no,yes,yes,no,no,2,furnished,367717
4,3,2356,1,yes,yes,yes,no,yes,no,2,unfurnished,415496
3,3,1958,1,no,no,yes,no,yes,yes,2,semi-furnished,397359
3,4,1808,2,no,no,no,no,yes,no,3,furnished,403811
3,3,1869,2,yes,no,no,no,no,no,2,unfurnished,320446
4,3,2202,4,yes,yes,no,yes,yes,no,3,furnished,475378
1,2,807,1,yes,yes,no,no,yes,yes,2,furnished,209599
1,2,1051,2,yes,yes,yes,no,yes,yes,0,semi-furnished,195742
2,3,1021,2,no,no,no,no,yes,no,1,furnished,219269
2,1,1510,1,yes,no,no,no,yes,no,0,furnished,307074
4,5,1861,3,yes,no,no,no,yes,no,2,furnished,402822
2,3,1357,1,yes,no,yes,yes,no,yes,2,unfurnished,314130
5,6,2330,3,yes,no,no,no,no,yes,1,unfurnished,471042
2,3,1410,3,yes,no,no,no,yes,yes,0,semi-furnished,289639
2,3,1293,2,yes,no,no,no,no,yes,1,unfurnished,260376
4,5,1781,2,yes,no,yes,no,yes,yes,0,semi-furnished,365661
3,3,1784,2,yes,no,no,yes,yes,yes,2,furnished,381187
3,4,1584,2,yes,no,yes,yes,yes,yes,2,unfurnished,360907
3,4,1876,2,yes,no,no,yes,yes,yes,3,semi-furnished,365835
4,5,2100,1,yes,no,no,no,yes,yes,0,semi-furnished,427572
2,2,1379,1,yes,no,no,yes,yes,no,2,semi-furnished,229163
6,6,2708,2,yes,yes,no,no,no,no,2,semi-furnished,502044
5,6,2382,2,yes,yes,no,no,yes,no,3,furnished,563393
3,4,1608,3,no,yes,yes,yes,yes,yes,2,unfurnished,337723
2,4,1471,1,yes,no,yes,no,yes,no,0,furnished,300328
3,4,2035,3,yes,yes,no,no,yes,yes,1,unfurnished,406454
1,2,738,1,no,yes,no,no,yes,no,2,furnished,194610
1,2,1115,2,no,yes,yes,no,yes,no,2,furnished,259685
2,3,866,2,yes,no,yes,no,no,yes,2,semi-furnished,214268
3,4,1461,2,yes,no,no,no,no,no,0,furnished,307429
4,5,1908,1,yes,no,no,yes,yes,yes,3,unfurnished,388192
4,4,1829,2,yes,yes,no,no,yes,yes,0,semi-furnished,391341
4,4,1783,3,no,yes,yes,no,no,no,3,semi-furnished,363588
3,4,1782,2,yes,no,no,no,yes,yes,2,furnished,395380
2,2,1257,2,yes,no,no,no,yes,yes,2,furnished,289213
3,3,1775,3,yes,yes,no,no,yes,no,2,furnished,405235
6,6,3038,3,yes,yes,no,no,yes,yes,0,semi-furnished,598427
1,1,953,2,yes,no,yes,no,no,no,0,semi-furnished,147691
4,4,2231,1,no,no,no,yes,yes,no,0,semi-furnished,387083
3,3,1686,3,yes,yes,yes,yes,yes,yes,0,unfurnished,320744
3,5,1462,2,yes,yes,yes,no,yes,yes,2,semi-furnished,358323
4,5,2311,1,yes,no,no,no,yes,yes,1,unfurnished,435783
3,3,1582,1,yes,no,no,no,no,yes,2,furnished,345697
4,3,1912,3,yes,no,no,no,yes,yes,1,furnished,412593
5,6,2464,1,no,no,no,yes,yes,yes,2,furnished,526565
3,3,1517,4,yes,no,yes,yes,no,yes,2,furnished,373374
2,3,1216,1,no,no,no,no,yes,yes,1,semi-furnished,228614
3,4,1768,3,yes,no,yes,yes,yes,no,1,semi-furnished,331743
5,6,2569,2,yes,no,no,no,yes,no,1,semi-furnished,443341
2,2,1120,2,yes,yes,yes,no,yes,no,2,unfurnished,260743
3,4,1602,3,yes,no,no,no,yes,yes,2,unfurnished,334167
3,3,1914,2,no,no,yes,no,yes,yes,1,unfurnished,352930
4,6,2199,2,yes,yes,no,no,yes,no,2,furnished,502415
2,3,1715,1,yes,no,no,yes,no,yes,0,furnished,311610
4,4,2336,1,yes,no,no,no,yes,yes,2,furnished,445205
5,5,2728,1,no,no,no,no,yes,no,1,furnished,533648
2,2,1022,2,yes,no,no,no,yes,yes,2,semi-furnished,235437
2,3,1452,1,yes,no,no,no,no,yes,3,semi-furnished,252275
5,5,2489,1,yes,yes,no,no,yes,no,2,furnished,526622
2,3,1189,2,yes,no,no,no,no,no,1,unfurnished,213675
4,4,2133,2,yes,no,yes,no,yes,yes,0,unfurnished,383818
3,4,1889,3,no,yes,yes,no,no,yes,2,furnished,411563
2,3,1400,1,yes,yes,yes,no,yes,yes,1,furnished,275469
4,5,1924,1,yes,no,yes,no,yes,no,0,unfurnished,351052
3,4,1848,3,yes,yes,no,yes,yes,yes,2,semi-furnished,368912
3,3,1572,1,yes,no,yes,no,no,yes,1,furnished,361478
3,2,1743,3,yes,yes,yes,yes,yes,no,0,furnished,368469
3,4,1639,3,no,yes,yes,no,yes,yes,3,furnished,408009
2,2,1256,3,no,no,no,no,yes,no,1,furnished,203987
3,3,1853,1,no,yes,no,no,no,no,1,unfurnished,292578
5,4,2291,3,no,no,yes,yes,no,yes,2,furnished,513577
2,2,1689,3,yes,no,no,no,yes,no,2,furnished,325804
3,2,1335,2,yes,yes,yes,no,yes,yes,0,furnished,340289
2,3,1180,2,yes,yes,no,yes,yes,no,2,unfurnished,205507
4,4,2174,1,yes,no,no,no,no,no,2,furnished,449184
2,3,1416,1,yes,yes,yes,yes,no,yes,1,furnished,311425
5,4,2479,2,yes,no,no,no,yes,no,1,semi-furnished,441480
3,4,1688,2,yes,no,no,yes,yes,no,0,semi-furnished,342758
2,2,1382,2,no,yes,no,no,no,yes,2,furnished,316304
1,2,853,2,yes,no,no,no,no,yes,2,furnished,225807
2,3,1578,2,no,yes,yes,no,yes,yes,0,unfurnished,334132
3,3,1867,2,yes,yes,yes,no,yes,yes,2,unfurnished,388376
2,4,1474,3,yes,yes,yes,no,yes,no,2,furnished,327803
4,6,1906,1,yes,no,yes,yes,yes,no,1,furnished,436060
3,4,1684,2,yes,no,yes,no,yes,yes,2,furnished,385038
2,3,1239,1,yes,no,no,no,yes,yes,0,unfurnished,278261
3,3,1498,2,yes,no,yes,no,yes,yes,3,semi-furnished,353645
4,5,2172,3,yes,yes,no,no,yes,yes,2,unfurnished,419862
2,1,1192,3,yes,no,no,no,yes,yes,2,semi-furnished,265400
2,1,1431,1,yes,no,no,no,yes,yes,2,unfurnished,230076
1,3,685,4,yes,no,no,no,no,yes,2,unfurnished,181205
4,4,2443,1,yes,yes,no,yes,yes,no,2,unfurnished,407401
3,4,1520,2,yes,yes,no,no,yes,no,2,semi-furnished,283748
3,4,1743,1,yes,no,no,no,yes,no,3,furnished,385024
4,5,2258,3,yes,no,no,yes,no,yes,2,semi-furnished,463329
4,6,1985,2,yes,no,no,no,no,no,0,semi-furnished,393654
3,3,1870,2,yes,no,yes,no,yes,no,3,semi-furnished,359010
4,3,1854,3,yes,no,no,no,no,no,2,furnished,367374
2,2,1590,1,yes,no,no,no,yes,yes,2,semi-furnished,272663
2,2,1302,1,yes,no,yes,yes,no,yes,3,semi-furnished,255966
2,1,1180,3,yes,no,yes,no,yes,yes,0,semi-furnished,243756
1,1,840,2,yes,no,no,no,yes,yes,1,furnished,215643
3,4,1861,1,yes,no,no,no,yes,no,1,semi-furnished,362794
5,6,2383,2,yes,yes,yes,no,yes,no,2,furnished,500582
1,1,750,2,yes,no,no,no,yes,yes,2,unfurnished,149135
2,3,1255,1,yes,no,no,no,no,yes,3,semi-furnished,247676
3,3,1464,1,yes,no,no,no,no,no,1,furnished,253750
5,4,2864,1,yes,yes,no,no,yes,yes,2,furnished,590554
2,3,1186,2,yes,yes,no,no,yes,no,3,semi-furnished,251612
3,4,1866,3,yes,no,no,no,yes,no,2,furnished,389795
1,2,941,4,yes,yes,yes,no,yes,yes,1,unfurnished,245837
2,1,1103,2,no,no,no,yes,yes,no,2,semi-furnished,210044
6,6,2898,1,no,no,no,no,yes,yes,3,furnished,596009
5,6,2656,3,yes,no,no,no,no,no,3,semi-furnished,517247
1,2,862,2,yes,yes,no,no,yes,no,2,furnished,225233
5,6,2738,1,yes,no,yes,no,yes,no,2,unfurnished,499489
3,4,1904,3,yes,no,no,no,yes,yes,1,furnished,422585
4,5,2283,3,no,no,yes,no,yes,yes,1,unfurnished,423048
3,4,1608,3,no,no,yes,yes,yes,yes,3,semi-furnished,350070
3,5,1484,3,yes,yes,yes,yes,no,yes,0,unfurnished,328340
3,4,1577,1,yes,yes,yes,no,yes,no,0,furnished,337113
3,3,1739,1,yes,yes,no,no,yes,yes,1,furnished,363170
2,3,1409,2,yes,no,yes,no,no,no,2,unfurnished,292637
1,1,500,1,no,yes,yes,no,yes,yes,2,semi-furnished,185059
2,2,1298,2,no,no,no,no,no,yes,1,furnished,298367
4,5,2131,3,yes,no,yes,no,yes,no,3,furnished,448162
2,4,1244,3,yes,yes,yes,no,yes,yes,3,furnished,306574
3,5,1958,2,yes,yes,yes,no,no,no,1,semi-furnished,359393
5,5,2584,3,yes,no,yes,no,no,yes,1,furnished,557079
1,2,1162,3,no,no,yes,no,yes,no,2,furnished,188131
3,3,1656,2,yes,yes,yes,no,yes,yes,2,furnished,376601
3,5,1887,1,yes,yes,no,no,no,no,1,semi-furnished,384553
4,6,2427,1,yes,no,yes,no,yes,yes,1,furnished,538574
2,3,1562,2,no,yes,yes,no,yes,yes,1,unfurnished,286258
3,4,1481,1,yes,no,no,no,no,no,1,furnished,307260
4,5,2049,1,no,yes,no,yes,yes,no,1,unfurnished,383224
5,6,2430,1,no,no,no,no,no,yes,2,semi-furnished,485535
3,2,1797,2,no,no,no,no,no,yes,2,furnished,347723
3,3,1837,3,yes,no,yes,no,yes,yes,2,furnished,405218
3,4,1532,1,yes,no,no,no,no,yes,1,semi-furnished,299311
4,5,2113,3,yes,no,yes,yes,yes,no,2,semi-furnished,402361
3,3,1296,2,yes,yes,yes,yes,yes,yes,0,semi-furnished,297501
1,3,1188,1,yes,yes,no,no,yes,yes,1,furnished,258075
5,5,2397,3,yes,no,no,yes,no,no,2,unfurnished,415427
3,4,1711,2,yes,no,no,no,no,yes,2,unfurnished,340241
3,4,1638,2,no,no,no,no,yes,no,1,semi-furnished,317904
2,3,1529,3,yes,no,yes,no,yes,no,2,semi-furnished,317868
3,4,1132,1,yes,no,no,yes,no,yes,3,semi-furnished,258520
3,3,1696,2,yes,no,no,no,yes,no,2,furnished,313976
3,3,1678,1,yes,no,no,no,yes,yes,2,furnished,372010
2,3,1209,3,no,no,no,yes,yes,yes,3,semi-furnished,251401
3,4,2045,2,yes,no,no,no,no,yes,2,unfurnished,349586
6,6,2722,2,no,no,yes,no,no,yes,2,furnished,563244
1,2,1054,1,yes,no,no,no,no,yes,0,semi-furnished,191347
5,5,2571,2,yes,yes,yes,no,yes,yes,1,unfurnished,520066
3,4,1952,3,yes,no,yes,no,no,no,2,furnished,401867
4,5,1966,2,yes,yes,no,no,yes,no,2,furnished,413961
4,4,1953,2,yes,no,yes,no,no,no,1,unfurnished,376398
3,2,1919,2,yes,yes,no,no,yes,yes,3,furnished,410878
4,5,2185,3,yes,yes,yes,no,yes,yes,1,furnished,454643
4,5,1791,2,yes,no,no,no,yes,yes,2,furnished,432904
3,4,1592,3,yes,no,yes,no,yes,yes,1,furnished,422115
2,3,1377,3,no,no,yes,yes,no,yes,1,unfurnished,217229
3,4,1867,2,yes,no,yes,no,no,no,2,semi-furnished,335477
4,6,1964,1,yes,no,no,no,yes,yes,1,semi-furnished,345893
4,5,1517,2,yes,yes,yes,no,no,yes,0,semi-furnished,352385
4,4,2204,3,no,no,no,no,yes,yes,2,unfurnished,421287
3,3,1455,1,no,no,yes,no,no,yes,2,furnished,330550
4,4,1696,2,yes,no,yes,no,no,yes,2,furnished,433237
2,3,733,3,yes,no,yes,no,no,yes,3,unfurnished,225571
3,3,1862,2,yes,no,no,no,yes,no,0,unfurnished,351482
1,3,925,2,no,no,no,no,yes,yes,2,furnished,241704
2,3,1254,1,no,no,no,no,no,no,2,furnished,244343
3,4,1977,1,no,no,yes,no,yes,yes,3,semi-furnished,385886
3,3,1827,3,yes,no,no,no,no,yes,3,furnished,377352
3,2,2023,1,yes,no,no,no,no,no,2,semi-furnished,340584
3,2,1421,1,no,yes,yes,no,yes,yes,2,furnished,330734
3,3,1693,3,yes,no,no,no,no,yes,0,furnished,357285
2,1,976,2,yes,no,no,no,no,no,1,semi-furnished,215971
3,4,1654,4,yes,yes,yes,no,yes,yes,2,unfurnished,348876
2,3,1250,4,no,no,yes,yes,yes,yes,2,semi-furnished,263808
1,2,1025,1,yes,no,yes,no,no,no,2,furnished,202257
3,4,1709,1,yes,no,no,yes,yes,no,2,unfurnished,328182
3,3,1824,3,yes,no,yes,no,yes,yes,1,semi-furnished,339311
3,4,1840,2,yes,no,yes,no,no,yes,2,furnished,403996
3,4,2130,1,yes,yes,yes,no,yes,no,0,furnished,455040
3,3,1636,3,yes,no,yes,no,no,yes,0,furnished,370769
4,5,1911,1,yes,no,yes,yes,yes,yes,0,semi-furnished,396793
3,3,1749,3,yes,no,no,no,yes,yes,2,semi-furnished,349855
3,4,1539,1,no,yes,yes,no,no,no,0,furnished,309090
1,3,1196,1,no,yes,no,no,yes,yes,2,furnished,242205
2,1,1243,1,yes,no,yes,no,no,no,1,furnished,248130
3,4,1586,4,no,no,no,no,no,yes,1,semi-furnished,328111
3,4,1605,2,yes,no,no,no,no,yes,3,furnished,386503
3,5,1843,3,yes,no,yes,no,yes,no,2,furnished,413735
3,3,1668,2,yes,no,no,no,yes,no,1,unfurnished,326215
3,4,1571,2,yes,no,no,no,no,yes,1,semi-furnished,352899
4,3,2433,1,yes,no,no,no,yes,yes,3,furnished,505759
4,4,1928,2,yes,yes,no,no,yes,no,1,semi-furnished,403927
4,3,2107,2,yes,no,no,yes,yes,no,2,furnished,411251
5,6,2630,2,yes,no,no,no,yes,yes,1,unfurnished,460616
1,2,573,1,yes,no,no,yes,no,yes,1,unfurnished,148119
2,3,1396,3,yes,no,no,yes,no,no,1,semi-furnished,240421
1,3,688,1,yes,no,no,no,no,no,2,unfurnished,140752
3,2,1864,4,yes,no,no,yes,yes,no,2,furnished,398005
4,4,1907,1,yes,no,no,no,no,yes,1,unfurnished,384107
2,1,1438,2,yes,no,no,yes,yes,yes,2,furnished,298009
5,5,2721,2,yes,no,yes,no,yes,no,2,furnished,548799
1,1,1072,2,yes,no,no,yes,yes,yes,3,unfurnished,216049
5,5,2550,2,no,no,yes,yes,no,yes,0,semi-furnished,462579
3,3,1653,2,no,no,no,no,no,yes,1,unfurnished,293894
2,2,1184,2,no,no,yes,no,no,yes,2,furnished,270181
3,3,1994,3,yes,yes,yes,no,no,yes,0,semi-furnished,386134
2,2,1160,2,yes,no,no,no,no,no,0,furnished,237750
2,4,1092,3,no,no,yes,no,yes,no,2,semi-furnished,230101
2,3,1433,1,yes,no,no,yes,no,yes,1,furnished,289014
4,6,1940,2,yes,yes,no,no,yes,yes,1,furnished,437927
3,3,1509,2,yes,no,yes,yes,yes,yes,1,furnished,324190
2,2,1011,2,yes,yes,yes,no,yes,no,2,unfurnished,229156
3,4,1603,2,no,no,no,yes,yes,yes,1,furnished,371357
4,4,2083,2,yes,no,yes,no,yes,no,2,unfurnished,404886
2,2,1348,1,yes,no,no,no,yes,yes,2,furnished,285424
3,3,1890,1,yes,yes,no,no,yes,yes,2,furnished,384899
2,2,1405,1,yes,yes,yes,no,no,no,1,furnished,307676
2,2,1261,2,yes,yes,yes,no,no,yes,1,unfurnished,270098
3,3,1660,2,yes,yes,no,no,yes,yes,2,furnished,379478
2,3,1402,4,yes,no,no,no,yes,yes,1,furnished,353712
3,2,1954,3,yes,no,yes,no,yes,yes,3,unfurnished,366951
4,4,2125,1,yes,no,yes,no,yes,yes,1,furnished,453712
2,3,1206,3,yes,no,no,no,yes,yes,2,unfurnished,245723
3,3,1501,3,yes,yes,no,no,no,no,1,furnished,298970
2,2,1010,2,yes,yes,yes,no,yes,no,2,semi-furnished,246536
5,6,2633,2,yes,yes,no,no,yes,no,1,furnished,546394
3,3,1815,4,no,no,no,no,yes,yes,1,semi-furnished,358588
4,3,2215,2,no,no,no,no,yes,no,2,unfurnished,411637
3,3,1674,3,yes,yes,no,no,yes,yes,2,unfurnished,325064
1,1,1181,1,yes,yes,no,no,yes,yes,2,semi-furnished,181845
3,4,1603,1,yes,no,no,no,no,yes,2,unfurnished,318981
5,6,2691,2,yes,no,no,no,yes,no,2,furnished,556395
3,3,1692,2,yes,no,no,no,yes,yes,1,furnished,349946
4,5,1978,3,no,no,no,no,yes,no,0,semi-furnished,383173
4,5,2218,4,yes,yes,no,yes,yes,yes,2,semi-furnished,474739
2,2,1381,2,no,no,yes,no,yes,yes,0,furnished,272845
2,3,1371,1,yes,no,yes,yes,yes,yes,2,semi-furnished,286419
3,3,1716,3,yes,no,no,no,yes,no,0,furnished,380193
3,3,1692,2,yes,no,yes,no,yes,yes,1,unfurnished,314607
4,3,2577,1,yes,no,no,no,yes,no,0,unfurnished,414573
5,5,2736,2,yes,yes,yes,no,yes,no,2,semi-furnished,470747
3,3,1844,3,yes,no,no,yes,yes,no,2,furnished,353635
2,3,1322,3,yes,yes,yes,yes,yes,yes,0,semi-furnished,297822
4,3,2301,2,yes,yes,no,no,yes,no,1,unfurnished,422679
2,2,1403,2,yes,no,no,no,yes,no,3,furnished,265273
4,4,2105,4,yes,yes,yes,no,yes,yes,1,semi-furnished,442071
3,4,1639,2,yes,no,no,no,yes,no,2,unfurnished,301165
3,4,1683,2,yes,no,yes,no,yes,yes,3,furnished,416915
1,2,500,1,yes,yes,yes,no,yes,yes,3,furnished,160793
3,4,1742,3,yes,no,yes,no,yes,yes,2,furnished,414597
3,4,1602,1,yes,no,yes,no,no,yes,1,semi-furnished,318978
3,3,2018,1,yes,no,no,no,no,yes,3,unfurnished,360620
2,3,1303,2,yes,no,yes,no,no,yes,2,semi-furnished,282106
4,5,1862,1,yes,no,no,no,no,no,2,furnished,395670
4,6,2090,2,yes,no,yes,no,no,no,0,semi-furnished,419896
2,3,1090,1,no,no,no,no,no,no,3,semi-furnished,215913
1,1,994,2,yes,no,yes,no,yes,yes,2,semi-furnished,211837
1,1,958,1,yes,no,no,no,yes,no,2,furnished,186025
3,3,1891,1,no,no,no,no,yes,yes,0,semi-furnished,338517
3,4,1541,1,yes,yes,no,no,yes,no,1,semi-furnished,314106
3,3,1706,3,no,no,yes,no,no,yes,3,furnished,360545
2,2,1026,3,yes,no,no,no,yes,yes,2,semi-furnished,228336
3,4,1840,1,yes,no,yes,no,no,no,1,unfurnished,308696
3,3,1803,3,no,no,yes,no,yes,yes,2,furnished,392917
3,4,1799,2,yes,yes,no,no,yes,yes,0,unfurnished,329033
6,6,2900,4,yes,yes,no,no,yes,no,1,furnished,629515
2,2,1382,2,yes,yes,no,yes,yes,yes,1,unfurnished,281294
3,3,2020,2,yes,yes,no,no,yes,yes,1,furnished,400605
3,4,1642,1,yes,no,yes,no,no,yes,1,furnished,369149
3,3,1727,2,yes,no,yes,no,no,yes,1,semi-furnished,357422
4,4,1882,4,yes,no,yes,no,no,yes,0,semi-furnished,390075
3,5,1526,2,yes,yes,no,no,yes,no,2,unfurnished,296555
6,6,2919,1,yes,no,no,yes,no,yes,3,semi-furnished,541245
2,3,1520,1,yes,no,yes,no,yes,no,2,semi-furnished,309405
2,3,1248,3,yes,no,no,yes,yes,yes,1,unfurnished,274814
4,4,2052,2,no,no,no,no,no,yes,0,semi-furnished,377243
3,4,1618,2,yes,yes,no,no,yes,no,2,furnished,376606
2,2,1193,4,yes,no,no,no,yes,no,3,furnished,215729
1,2,958,1,yes,no,no,yes,yes,no,1,furnished,226605
1,1,600,2,yes,yes,no,no,no,no,1,unfurnished,124861
4,5,2356,3,yes,yes,yes,no,yes,yes,2,furnished,529213
2,2,1166,2,no,yes,yes,no,yes,yes,2,furnished,276397
2,3,1444,1,yes,yes,yes,no,yes,no,1,furnished,341036
2,2,1046,2,no,no,no,no,no,yes,2,semi-furnished,195631
3,3,1833,3,yes,no,no,no,no,yes,2,furnished,419293
1,1,1034,1,yes,yes,no,no,yes,yes,3,furnished,243767
3,3,1776,3,yes,no,yes,no,yes,no,0,semi-furnished,352779
1,2,701,3,yes,no,no,no,yes,yes,3,unfurnished,168535
4,4,2149,1,yes,yes,no,no,yes,yes,1,furnished,431397
2,4,1063,3,yes,yes,no,no,no,yes,2,semi-furnished,278548
3,5,1649,2,yes,yes,no,yes,yes,no,2,furnished,384440
4,5,2305,2,no,no,no,no,yes,yes,1,unfurnished,438832
3,3,1859,3,no,yes,yes,yes,no,yes,2,furnished,404466
3,3,1703,4,yes,no,yes,no,yes,no,1,unfurnished,316975
2,3,1105,1,yes,no,yes,no,no,no,0,unfurnished,241361
2,2,1429,2,yes,no,no,no,no,no,1,unfurnished,280717
3,2,1703,2,yes,yes,yes,no,no,no,2,furnished,362850
6,6,2435,2,no,no,no,no,yes,yes,1,semi-furnished,473404
3,4,1856,2,yes,no,no,no,yes,yes,3,furnished,424138
3,4,1695,1,yes,no,yes,no,no,yes,1,unfurnished,322319
4,4,2340,2,yes,no,no,no,yes,no,1,unfurnished,414785
3,4,1480,2,yes,no,yes,no,yes,yes,0,unfurnished,301414
1,1,500,1,yes,no,yes,no,yes,no,2,semi-furnished,162530
3,3,1755,3,yes,no,no,yes,yes,no,1,semi-furnished,319490
5,6,2558,3,yes,no,yes,no,no,yes,1,semi-furnished,520918
2,2,961,2,yes,yes,no,no,yes,yes,1,furnished,236693
3,3,1504,1,yes,no,no,no,yes,yes,0,semi-furnished,293073
2,1,1851,2,yes,no,no,no,no,yes,2,semi-furnished,312134
3,4,1638,1,yes,no,no,no,no,yes,2,unfurnished,328332
1,2,1046,1,yes,yes,yes,no,yes,no,1,semi-furnished,229963
3,4,1569,3,yes,no,no,no,yes,yes,0,unfurnished,321434
4,5,1681,1,yes,no,yes,no,yes,yes,2,unfurnished,356560
2,2,1265,1,yes,yes,yes,yes,yes,yes,0,semi-furnished,271393
3,3,1646,1,yes,yes,yes,no,no,no,3,furnished,381952
4,4,2020,1,yes,no,yes,no,yes,no,1,semi-furnished,408556
5,4,2477,1,yes,no,no,no,yes,no,1,semi-furnished,396896
2,2,1352,4,yes,no,yes,no,yes,no,2,furnished,299581
3,5,1669,1,yes,yes,no,yes,yes,yes,2,furnished,387986
2,1,1047,1,yes,no,no,no,yes,yes,1,unfurnished,217025
6,6,2997,1,no,no,no,no,yes,yes,1,furnished,605450
5,5,2110,3,no,no,no,no,no,yes,1,semi-furnished,437743
3,3,1289,2,yes,no,yes,no,yes,no,3,unfurnished,254106
4,6,2247,2,yes,no,no,no,no,yes,2,semi-furnished,448973
3,3,1801,3,yes,no,no,no,yes,yes,1,semi-furnished,369880
3,3,1688,2,yes,yes,yes,yes,yes,no,0,unfurnished,290072
1,2,620,2,yes,no,no,no,yes,no,1,semi-furnished,192442
4,4,1958,1,no,no,no,no,yes,no,1,furnished,417071
2,2,1247,2,yes,no,yes,no,yes,yes,1,unfurnished,252667
4,4,1780,2,no,no,yes,no,yes,no,2,semi-furnished,343161
4,5,1952,2,yes,no,yes,no,no,yes,0,semi-furnished,396800
4,6,2230,1,yes,yes,no,yes,no,yes,1,semi-furnished,444356
1,2,1185,2,yes,yes,no,no,yes,no,2,furnished,257443
2,2,1216,1,yes,no,no,no,yes,no,1,unfurnished,246933
2,3,1451,1,yes,no,no,no,no,yes,0,unfurnished,248598
3,3,1317,2,yes,no,no,no,yes,yes,0,furnished,318350
1,1,1031,3,yes,yes,no,no,no,yes,0,unfurnished,168871
5,5,2339,2,yes,no,no,no,no,yes,2,unfurnished,432407
3,3,1761,2,yes,yes,no,no,yes,no,2,semi-furnished,347020
2,3,1250,1,yes,yes,no,yes,yes,yes,0,semi-furnished,276325
3,4,1964,1,yes,no,no,no,yes,no,1,furnished,373267
3,5,1525,1,yes,no,no,no,no,no,1,semi-furnished,293584
3,4,1825,2,yes,no,no,no,yes,yes,2,furnished,427111
3,4,1644,1,yes,yes,yes,no,no,yes,2,semi-furnished,374232
5,4,2468,1,no,no,yes,no,yes,yes,1,semi-furnished,471587
3,2,1663,3,yes,no,no,yes,yes,yes,1,unfurnished,268827
6,6,2730,1,yes,no,yes,no,yes,yes,0,unfurnished,562822
4,4,2097,2,yes,no,no,no,yes,yes,2,furnished,452287
2,3,1287,2,no,no,yes,no,yes,no,2,unfurnished,239188
5,5,2548,2,yes,no,yes,no,yes,yes,3,semi-furnished,501700
2,1,1316,2,yes,no,yes,yes,yes,no,0,semi-furnished,255243
4,4,2259,2,yes,no,yes,no,yes,yes,2,furnished,496573
3,3,1884,1,yes,yes,yes,no,yes,no,2,unfurnished,364092
4,3,1889,3,yes,no,no,no,no,no,3,unfurnished,332158
4,5,2273,3,yes,yes,no,no,yes,yes,1,unfurnished,424510
4,4,1862,1,yes,yes,no,no,yes,no,2,unfurnished,394050
4,5,2217,1,no,yes,no,no,no,no,0,furnished,440387
2,2,1423,3,yes,no,no,no,no,no,2,unfurnished,248309
1,1,517,2,yes,no,no,yes,yes,no,1,semi-furnished,105109
3,3,1718,2,yes,no,no,no,yes,yes,2,furnished,384052
2,3,1206,2,yes,no,no,yes,no,yes,2,semi-furnished,279676
3,3,1548,1,yes,yes,yes,no,no,yes,1,semi-furnished,342739
2,3,1570,2,yes,no,yes,yes,no,yes,2,furnished,342583
5,5,2369,2,yes,yes,yes,no,yes,no,0,furnished,518147
3,4,1538,1,yes,no,yes,yes,yes,no,1,furnished,380227
4,4,2115,2,yes,no,no,yes,yes,yes,1,furnished,474287
2,3,1437,3,no,yes,yes,no,no,no,0,furnished,284972
4,5,2071,2,yes,yes,no,no,yes,no,2,furnished,399327
5,6,2733,1,yes,no,no,no,yes,yes,0,furnished,564789
3,3,1806,2,yes,no,no,no,no,yes,2,unfurnished,346691
3,2,1264,3,yes,no,no,yes,yes,yes,2,unfurnished,248895
4,3,1994,3,yes,no,yes,no,yes,no,3,furnished,437146
2,3,1187,2,no,no,no,no,yes,no,2,unfurnished,216166
3,4,1795,1,yes,no,yes,no,yes,yes,0,semi-furnished,358455
3,4,1175,3,yes,yes,no,no,yes,yes,2,semi-furnished,284156
2,2,1809,2,yes,yes,no,no,yes,no,1,semi-furnished,341944
3,3,1806,1,yes,no,no,no,yes,no,3,semi-furnished,339715
1,1,929,2,yes,no,no,no,yes,no,2,furnished,177321
1,3,1136,2,yes,yes,no,no,yes,no,2,furnished,269417
2,3,1768,2,no,yes,yes,no,yes,yes,0,semi-furnished,306684
5,6,2674,1,yes,yes,yes,no,yes,yes,2,semi-furnished,560013
3,3,1889,2,yes,yes,no,no,yes,yes,2,unfurnished,373501
5,6,2526,3,no,yes,no,no,yes,no,2,furnished,561533
3,4,1671,3,yes,no,no,yes,yes,yes,0,unfurnished,322355
2,2,1204,3,yes,no,yes,no,yes,no,3,semi-furnished,249931
3,4,1534,4,yes,no,no,no,yes,yes,0,unfurnished,312760
3,5,1562,1,yes,no,no,yes,yes,no,2,furnished,349567
2,3,1029,2,yes,no,no,no,yes,yes,2,unfurnished,214425
3,4,1684,2,no,no,no,yes,no,yes,0,unfurnished,296007
2,2,963,3,yes,no,no,no,yes,no,0,semi-furnished,193810
3,3,1738,1,yes,no,yes,no,yes,yes,2,semi-furnished,327887
3,5,1692,4,yes,no,no,yes,yes,no,1,furnished,394255
2,1,1329,2,no,no,yes,yes,no,yes,0,unfurnished,236434
1,2,795,3,yes,no,yes,no,yes,yes,2,furnished,216242
4,5,2715,1,yes,no,no,no,yes,no,2,semi-furnished,456382
3,4,1972,1,yes,no,no,no,yes,no,2,furnished,371978
1,3,651,3,yes,no,no,no,yes,yes,0,semi-furnished,208944
6,6,2946,1,no,yes,no,no,no,no,0,semi-furnished,517200
1,1,778,3,no,no,no,yes,yes,yes,2,unfurnished,176570
3,2,1497,1,yes,no,yes,no,no,yes,2,semi-furnished,310524
6,6,2631,2,yes,yes,no,no,yes,yes,2,unfurnished,456216
2,2,1386,2,yes,no,yes,no,yes,yes,2,semi-furnished,323885
2,2,1163,2,yes,no,no,no,yes,yes,1,furnished,278825
2,3,1493,2,yes,yes,yes,no,yes,yes,0,furnished,321780
2,4,1498,2,yes,no,no,no,yes,yes,3,unfurnished,296192
2,2,1574,1,yes,yes,no,no,yes,no,2,furnished,290828
3,3,1529,1,no,no,yes,no,yes,yes,2,semi-furnished,350978
1,3,995,2,yes,no,yes,no,no,no,3,furnished,218056
3,2,1826,2,no,no,yes,no,yes,no,3,semi-furnished,327764
6,5,2805,3,yes,no,yes,yes,yes,yes,2,unfurnished,522008
4,4,1945,2,yes,no,yes,no,yes,yes,1,semi-furnished,403127
3,4,2021,2,no,no,no,no,yes,yes,3,furnished,446604
2,2,1345,2,yes,no,no,yes,yes,no,2,furnished,317997
3,5,1827,1,yes,no,no,no,no,yes,1,furnished,382146
3,3,1535,2,yes,no,no,no,no,yes,2,furnished,350495
3,4,1456,4,yes,no,no,no,yes,no,1,semi-furnished,307944
2,2,1186,3,no,yes,no,no,yes,no,2,semi-furnished,218003
4,4,2075,2,no,no,no,no,yes,yes,1,furnished,480851
3,4,1487,2,yes,yes,no,yes,no,yes,2,semi-furnished,354267
2,3,1298,3,yes,no,no,no,yes,no,2,semi-furnished,266030
3,4,1362,2,yes,no,yes,no,yes,no,2,furnished,362193
3,4,1475,1,yes,yes,no,no,no,yes,2,semi-furnished,341342
4,6,2234,1,yes,yes,no,yes,no,yes,2,furnished,492779
4,5,2220,2,yes,yes,yes,yes,yes,no,1,semi-furnished,446889
4,5,2021,4,yes,no,no,no,no,no,0,unfurnished,402762
1,1,696,2,yes,no,yes,yes,yes,no,2,furnished,161074
3,2,1494,1,yes,no,yes,no,yes,yes,1,semi-furnished,340367
3,3,1625,1,yes,no,yes,no,yes,no,0,semi-furnished,306297
1,2,1028,3,yes,yes,no,no,no,yes,0,furnished,263207
2,2,1485,3,no,no,no,no,yes,yes,0,unfurnished,259095
4,4,2000,2,no,no,no,no,yes,no,2,semi-furnished,381602
2,3,1069,2,yes,no,yes,no,no,yes,2,semi-furnished,250557
3,4,1753,1,yes,yes,no,no,yes,no,1,semi-furnished,325741
2,4,1135,3,no,no,no,no,no,yes,2,unfurnished,232798
1,1,796,3,no,no,yes,no,yes,no,1,unfurnished,183102
2,3,1565,1,no,no,no,no,yes,yes,2,semi-furnished,244356
5,5,2665,3,yes,no,yes,no,yes,no,1,unfurnished,457020
4,4,2131,1,no,no,yes,no,no,yes,2,furnished,433668
5,5,2245,1,yes,no,no,no,yes,no,1,semi-furnished,408303
3,3,1742,1,yes,yes,no,no,yes,no,1,furnished,387895
2,2,1512,1,no,no,yes,no,yes,yes,2,furnished,340759
3,4,1624,2,yes,no,yes,yes,no,yes,0,semi-furnished,349814
3,3,1970,2,no,yes,yes,no,yes,yes,3,unfurnished,357643
4,5,2358,2,yes,no,yes,no,yes,no,2,semi-furnished,478159
1,2,1232,2,no,no,yes,no,yes,yes,1,semi-furnished,205369
3,3,1761,1,yes,no,yes,no,no,yes,2,semi-furnished,391775
2,2,1417,1,no,no,no,yes,yes,yes,0,semi-furnished,242549
2,2,1582,2,yes,no,no,no,yes,no,2,furnished,306225
4,5,2189,2,yes,no,no,yes,no,yes,3,furnished,469445
3,3,1599,1,yes,yes,no,no,no,yes,1,furnished,327999
3,3,1610,3,yes,no,yes,no,yes,no,2,semi-furnished,368412
3,3,1747,3,yes,yes,yes,no,no,no,1,furnished,393713
3,4,1441,3,yes,yes,no,no,yes,yes,2,furnished,384167
4,6,2071,2,yes,no,yes,no,yes,no,1,semi-furnished,393972
4,4,2319,1,yes,no,yes,no,yes,no,1,semi-furnished,431262
5,6,2061,2,yes,no,yes,no,yes,yes,3,semi-furnished,469606
4,5,2406,1,no,yes,no,no,no,yes,0,furnished,484643
2,4,1524,2,yes,no,no,no,yes,no,2,semi-furnished,270666
3,4,1608,1,yes,yes,no,no,yes,yes,2,unfurnished,344470
3,4,1808,3,yes,no,no,no,yes,yes,2,unfurnished,351391
2,3,1300,1,yes,no,no,yes,yes,yes,2,unfurnished,238900
4,5,2345,3,yes,yes,yes,yes,yes,no,2,furnished,473954
1,1,1096,3,yes,no,yes,no,yes,yes,0,semi-furnished,234229
5,5,2219,2,no,yes,yes,no,yes,no,3,furnished,544981
3,2,1817,3,yes,no,yes,yes,no,yes,2,furnished,375340
3,4,1658,2,yes,no,yes,no,yes,no,0,furnished,363312
3,4,1716,3,yes,no,yes,no,yes,no,1,unfurnished,352129
4,4,1954,2,yes,no,yes,no,yes,yes,2,semi-furnished,382510
3,4,2049,3,yes,no,yes,no,yes,no,3,semi-furnished,389274
3,3,1908,2,yes,yes,no,no,no,yes,3,semi-furnished,356554
1,1,752,3,yes,yes,no,no,no,no,2,furnished,199369
3,5,1433,2,yes,no,no,no,yes,yes,0,semi-furnished,338318
2,2,1222,2,yes,no,yes,no,yes,yes,3,semi-furnished,275802
4,3,2186,3,no,yes,no,no,yes,no,2,semi-furnished,386701
3,4,1748,3,yes,no,yes,yes,yes,no,1,unfurnished,327904
3,4,1950,2,yes,no,yes,no,yes,yes,1,furnished,410590
1,1,1057,1,yes,no,yes,no,no,yes,1,unfurnished,177294
1,2,1093,2,yes,no,no,no,no,yes,2,semi-furnished,215477
4,5,2165,4,no,no,no,no,yes,no,1,semi-furnished,420786
1,1,622,3,yes,no,yes,no,no,yes,0,semi-furnished,166927
1,1,860,3,yes,yes,yes,no,no,yes,0,unfurnished,186035
1,2,1112,1,no,no,no,yes,no,yes,1,furnished,222447
5,5,2489,2,yes,yes,yes,no,no,no,1,semi-furnished,479982
4,6,2200,2,yes,yes,yes,yes,yes,yes,2,semi-furnished,441305
3,4,1636,3,yes,no,yes,yes,yes,yes,0,furnished,386520
2,4,1094,1,yes,no,no,no,no,yes,3,furnished,262349
2,2,1275,3,yes,yes,yes,yes,no,yes,2,unfurnished,245053
4,6,2161,2,no,no,yes,no,no,no,3,furnished,472382
3,3,1568,1,yes,no,yes,no,yes,no,2,furnished,331799
2,2,1252,2,yes,yes,no,no,yes,no,0,unfurnished,233795
2,1,1112,1,yes,no,no,yes,yes,yes,1,unfurnished,231392
1,1,1123,2,yes,no,yes,no,yes,no,0,furnished,204969
3,4,1641,1,yes,yes,no,no,yes,yes,3,semi-furnished,350358
4,4,2390,1,yes,no,no,no,yes,yes,1,semi-furnished,403531
2,2,1605,3,no,no,no,no,yes,no,2,unfurnished,299250
1,2,883,1,no,no,no,no,yes,yes,2,unfurnished,144778
1,1,698,1,no,no,no,no,yes,yes,3,unfurnished,136463
5,6,2082,2,no,yes,no,no,yes,no,2,furnished,493483
2,2,1005,2,yes,no,yes,yes,yes,yes,2,semi-furnished,238489
4,5,1825,3,yes,yes,no,no,yes,no,1,furnished,392352
3,4,1975,2,no,no,no,no,no,no,2,furnished,398361
3,3,1723,3,yes,no,no,no,yes,yes,0,unfurnished,334570
2,2,1377,2,yes,yes,no,no,yes,yes,2,furnished,296962
2,2,855,1,yes,no,no,yes,no,yes,2,semi-furnished,190681
3,4,1460,1,yes,yes,no,no,yes,yes,0,unfurnished,286491
4,4,2277,2,no,no,no,no,no,yes,3,furnished,461885
3,3,1757,2,yes,no,no,no,yes,no,1,furnished,318456
3,2,1670,3,yes,yes,no,no,no,yes,2,unfurnished,315771
1,1,1012,2,no,no,no,yes,yes,yes,2,unfurnished,223118
5,5,2827,2,yes,no,no,no,no,yes,2,unfurnished,481320
4,5,2055,1,yes,yes,no,yes,no,yes,0,semi-furnished,395310
2,2,1313,1,yes,no,no,no,yes,no,1,furnished,239171
5,5,2538,2,no,no,yes,no,yes,yes,2,furnished,554537
3,4,2178,2,yes,no,yes,no,yes,no,2,semi-furnished,428691
3,4,1280,2,yes,no,no,yes,yes,yes,1,furnished,343996
4,4,2236,1,yes,no,no,no,yes,yes,1,unfurnished,375359
4,4,2077,2,yes,no,yes,no,no,yes,0,semi-furnished,417647
3,3,1813,3,no,no,yes,no,yes,yes,3,semi-furnished,394663
2,4,1168,1,no,no,no,no,yes,no,1,unfurnished,227353
2,2,1290,2,yes,yes,no,no,no,yes,0,unfurnished,253368
5,6,2642,4,yes,no,no,yes,yes,no,2,semi-furnished,503009
2,3,1922,2,no,no,no,no,yes,yes,1,unfurnished,324042
3,4,1861,2,no,no,yes,no,no,no,3,unfurnished,362046
3,2,1530,1,no,yes,yes,yes,no,yes,0,unfurnished,294164
3,3,1615,2,no,no,yes,no,yes,yes,0,unfurnished,279834
3,3,1609,1,yes,no,no,no,no,yes,2,unfurnished,292959
5,5,2140,4,yes,no,yes,no,yes,yes,1,semi-furnished,484925
2,3,1233,3,yes,no,no,yes,yes,no,0,furnished,276698
2,4,1446,3,yes,no,no,no,yes,yes,1,furnished,330729
2,3,1045,3,yes,no,no,no,yes,yes,1,furnished,252729
4,5,2309,2,yes,no,no,no,yes,yes,2,furnished,514913
3,2,1797,2,yes,yes,yes,no,yes,yes,0,semi-furnished,386720
2,2,1153,3,yes,no,no,yes,no,no,3,furnished,286727
4,4,2071,4,yes,yes,yes,no,yes,no,2,unfurnished,434371
4,5,2419,2,yes,no,yes,no,no,no,0,unfurnished,415105
4,6,2246,3,yes,no,no,no,yes,yes,0,furnished,475894
5,6,2501,2,yes,no,yes,no,no,no,2,furnished,531761
2,1,1252,2,yes,yes,no,no,yes,no,1,unfurnished,227011
4,4,2115,2,no,no,no,no,yes,yes,1,unfurnished,409420
3,4,1597,1,yes,yes,yes,no,yes,yes,1,unfurnished,351957
4,4,1679,1,yes,yes,yes,no,no,no,2,unfurnished,349249
4,5,2508,1,yes,yes,no,yes,no,yes,2,unfurnished,423336
4,5,2131,2,yes,no,no,no,yes,no,0,semi-furnished,365995
3,4,1779,2,yes,no,no,no,yes,yes,2,furnished,396361
2,2,1288,2,yes,no,no,no,yes,yes,2,unfurnished,268165
3,3,1552,4,yes,no,no,no,no,no,0,furnished,326434
6,6,2862,2,yes,yes,no,no,no,no,2,unfurnished,557738
5,5,2180,2,yes,no,yes,no,no,yes,2,semi-furnished,433631
1,1,1355,1,no,yes,no,no,no,no,3,unfurnished,189432
2,3,1053,1,no,yes,no,no,no,yes,0,furnished,226328
2,3,1093,3,yes,yes,no,no,yes,no,3,semi-furnished,236022
4,3,2011,2,yes,no,no,no,no,no,2,semi-furnished,383611
4,4,2357,3,yes,no,no,no,no,no,2,unfurnished,401405
2,2,1302,1,yes,no,yes,no,no,yes,2,furnished,261419
3,3,1452,2,yes,no,no,no,yes,yes,0,unfurnished,301071
4,5,2350,1,yes,no,no,no,yes,no,3,unfurnished,381800
4,3,2246,1,yes,yes,no,no,yes,yes,2,unfurnished,385095
3,3,1807,1,yes,no,yes,no,yes,yes,0,unfurnished,300385
3,3,1843,1,yes,no,yes,no,yes,no,0,semi-furnished,342410
3,4,2178,2,no,no,no,no,yes,yes,0,furnished,427334
2,3,1737,1,yes,no,no,no,yes,yes,2,furnished,391885
3,3,1562,4,no,no,yes,no,yes,yes,2,unfurnished,336716
3,4,2024,2,yes,yes,no,no,yes,yes,1,unfurnished,401712
4,5,2176,1,no,no,yes,no,yes,yes,1,furnished,469360
3,5,1799,1,yes,no,no,no,no,no,2,semi-furnished,322635
4,4,1761,2,yes,yes,no,no,no,yes,2,semi-furnished,376698
2,3,1265,1,yes,no,yes,no,yes,yes,0,furnished,302568
3,5,1537,3,yes,no,no,no,no,no,1,semi-furnished,328488
1,3,1065,4,no,yes,no,no,no,no,0,furnished,214571
2,3,1514,1,yes,no,yes,no,yes,no,3,furnished,334857
4,5,1685,2,yes,no,no,no,yes,yes,2,semi-furnished,351149
6,6,2895,1,yes,no,no,no,yes,no,3,semi-furnished,525554
1,2,1124,2,yes,yes,no,no,yes,yes,1,furnished,229396
3,4,1662,2,yes,yes,yes,no,no,yes,2,semi-furnished,359004
4,5,2245,1,yes,no,yes,no,yes,yes,2,furnished,466803
2,2,1370,1,yes,no,no,no,yes,yes,1,furnished,279465
3,4,1768,2,no,no,yes,yes,no,yes,1,furnished,402342
4,5,2045,2,no,yes,no,no,yes,no,2,furnished,414577
3,3,1456,1,yes,yes,yes,yes,no,yes,3,furnished,348391
2,3,1075,2,yes,yes,no,no,yes,no,1,unfurnished,222432
3,4,1841,2,yes,no,no,no,yes,yes,0,semi-furnished,359753
4,5,2103,3,yes,no,no,no,yes,yes,2,furnished,458478
3,3,1672,1,yes,no,no,no,yes,yes,3,furnished,383323
1,1,815,3,no,no,no,no,yes,no,2,furnished,185229
4,6,2038,2,yes,no,no,no,yes,no,1,unfurnished,405357
1,1,1109,1,no,no,yes,yes,yes,no,1,furnished,212359
4,5,2032,2,no,yes,no,yes,yes,no,1,furnished,420809
2,2,1031,2,no,no,no,no,yes,no,2,semi-furnished,190803
5,6,2648,3,no,no,yes,yes,no,no,2,semi-furnished,510938
3,3,1659,1,yes,yes,yes,no,yes,no,2,furnished,358248
2,3,1306,2,yes,yes,yes,no,yes,yes,1,semi-furnished,278122
2,2,1621,2,yes,no,yes,no,yes,yes,3,furnished,344682
2,1,1295,4,yes,no,no,no,yes,yes,2,furnished,277736
4,4,2157,2,yes,yes,no,no,yes,yes,3,semi-furnished,438512
6,5,2664,4,yes,yes,no,yes,yes,yes,2,unfurnished,492428
3,5,1656,3,yes,no,no,no,no,yes,2,semi-furnished,356466
3,5,1821,1,no,no,yes,yes,yes,yes,2,furnished,420078
4,4,1788,3,no,no,yes,no,yes,yes,1,semi-furnished,364870
4,5,2140,4,yes,yes,no,no,yes,no,3,furnished,515460
3,3,1720,1,yes,yes,yes,yes,no,yes,0,unfurnished,328752
3,4,1708,2,yes,yes,yes,no,yes,yes,2,semi-furnished,338331
3,4,1907,2,yes,yes,no,yes,yes,no,3,furnished,404741
3,5,1766,1,yes,no,no,no,yes,yes,1,semi-furnished,355019
1,1,1195,1,yes,no,yes,no,yes,yes,2,semi-furnished,243549
3,4,1501,1,yes,no,no,no,yes,yes,2,furnished,342289
3,3,1727,1,no,no,no,no,no,yes,2,unfurnished,286008
4,6,2116,2,no,yes,yes,no,yes,yes,2,unfurnished,400020
1,1,686,1,yes,no,no,no,yes,yes,2,furnished,159796
3,4,1891,3,yes,no,yes,no,no,yes,2,unfurnished,354764
3,4,2164,3,yes,no,no,yes,yes,no,1,semi-furnished,370714
3,4,1696,1,yes,yes,no,yes,yes,yes,1,unfurnished,316863
1,1,1001,2,yes,no,no,no,yes,no,1,unfurnished,186309
3,5,1716,2,yes,yes,yes,no,yes,yes,2,semi-furnished,411934
3,3,1557,4,yes,yes,yes,no,yes,yes,0,furnished,389825
3,4,1335,1,yes,no,yes,no,yes,no,2,unfurnished,305317
3,3,1558,1,yes,no,no,no,no,yes,1,furnished,354086
3,3,1421,3,yes,yes,yes,yes,no,no,2,furnished,358810
4,5,2440,3,yes,yes,no,no,no,yes,0,furnished,500164
2,2,1276,3,yes,no,yes,no,yes,no,2,unfurnished,253938
4,4,2030,3,no,yes,no,no,yes,yes,2,unfurnished,380187
3,3,1877,1,yes,no,yes,no,yes,yes,3,furnished,405293
1,1,675,2,no,yes,no,no,yes,no,2,unfurnished,138363
1,2,746,1,yes,yes,yes,no,no,no,2,furnished,204619
2,3,1313,1,yes,no,yes,no,yes,yes,3,unfurnished,282026
4,3,2305,3,yes,no,no,yes,no,no,2,semi-furnished,415293
4,4,2200,1,yes,yes,no,yes,yes,yes,1,furnished,469160
4,4,2149,2,yes,no,yes,no,yes,yes,2,furnished,482331
3,2,1715,3,yes,yes,yes,no,yes,yes,2,furnished,406417
3,4,1780,1,yes,yes,no,yes,yes,no,1,furnished,345210
2,3,1340,4,yes,no,yes,no,no,no,2,unfurnished,245252
2,2,1094,4,yes,no,no,no,no,yes,2,furnished,289268
3,3,1709,2,yes,no,no,yes,yes,yes,3,unfurnished,330862
1,1,685,1,yes,no,yes,no,yes,no,3,semi-furnished,151328
2,3,1316,2,yes,no,no,no,yes,yes,1,semi-furnished,264496
3,5,1603,2,yes,no,no,no,yes,yes,1,furnished,365439
4,4,2607,2,yes,yes,no,no,yes,yes,0,unfurnished,463998
6,6,2892,1,yes,yes,yes,no,no,yes,1,semi-furnished,544881
5,6,2219,4,yes,no,no,no,yes,yes,2,unfurnished,449775
3,5,1673,1,yes,no,yes,no,yes,yes,1,unfurnished,342682
3,3,1803,3,yes,no,no,no,no,no,2,furnished,376339
3,2,2034,1,yes,no,no,no,yes,no,2,furnished,389799
4,3,1982,2,yes,no,yes,no,yes,yes,2,unfurnished,394158
2,3,983,3,yes,yes,no,no,yes,yes,0,unfurnished,213506
3,3,1863,1,yes,no,no,yes,yes,yes,1,semi-furnished,333501
4,3,1823,1,yes,no,no,no,yes,yes,1,furnished,443314
3,4,1612,2,yes,no,no,no,yes,no,1,semi-furnished,309436
3,2,1648,3,yes,yes,yes,no,no,no,3,furnished,362884
3,4,1686,2,yes,no,yes,no,no,no,2,furnished,383074
2,2,1437,2,yes,no,yes,no,no,no,1,semi-furnished,300133
3,2,1563,1,yes,no,yes,no,yes,yes,2,furnished,340503
2,3,1245,4,yes,no,no,no,no,yes,1,semi-furnished,246093
1,1,897,3,yes,no,no,no,yes,no,2,unfurnished,145796
1,3,929,2,yes,no,no,no,yes,no,1,unfurnished,212342
4,5,2119,3,yes,no,no,yes,yes,yes,2,unfurnished,391517
2,2,1387,2,yes,yes,no,yes,yes,yes,1,unfurnished,267888
3,4,1868,2,yes,no,no,no,yes,no,0,furnished,355538
2,2,1378,1,no,no,no,no,yes,yes,1,unfurnished,212392
5,6,2590,2,yes,no,yes,no,no,no,1,unfurnished,464952
2,2,983,2,yes,yes,no,no,yes,no,2,unfurnished,188204
3,4,1710,1,yes,no,yes,no,no,yes,0,semi-furnished,326577
4,3,2195,2,yes,yes,yes,no,yes,no,2,furnished,502882
4,4,2245,3,yes,yes,yes,no,yes,no,2,furnished,493107
2,3,1161,2,no,no,no,yes,yes,no,2,furnished,273147
4,5,1968,2,yes,yes,no,no,yes,yes,2,unfurnished,410653
3,3,1585,3,yes,yes,no,no,yes,yes,0,semi-furnished,325792
3,3,1807,1,yes,no,no,no,yes,yes,2,unfurnished,322045
2,3,1506,2,no,yes,yes,no,yes,yes,3,semi-furnished,319684
1,3,818,3,yes,no,no,yes,yes,yes,2,semi-furnished,208287
4,3,2281,2,yes,yes,no,no,no,yes,2,furnished,460951
3,3,1724,2,yes,no,yes,no,yes,no,2,furnished,373908
3,3,1675,1,yes,no,no,no,yes,yes,1,semi-furnished,311373
4,5,2057,3,yes,no,yes,no,no,yes,2,semi-furnished,425852
4,3,2249,2,yes,yes,no,no,yes,yes,3,furnished,472706
2,2,1365,3,yes,yes,yes,no,no,no,0,unfurnished,229422
3,4,2155,2,yes,yes,yes,yes,no,no,2,furnished,399866
2,1,1129,2,yes,no,no,no,no,yes,1,unfurnished,194698
4,4,2203,3,yes,no,yes,no,yes,no,1,furnished,499946
3,3,1594,2,yes,yes,yes,no,yes,yes,2,semi-furnished,340600
5,5,2326,2,no,yes,no,no,yes,yes,2,furnished,523957
1,1,897,2,yes,yes,yes,no,yes,no,2,unfurnished,143151
1,2,927,3,no,no,no,no,yes,no,3,semi-furnished,165936
2,2,1883,2,no,no,no,yes,yes,yes,1,semi-furnished,298368
