Neighborhood,Bedrooms,Bathrooms,Square_Feet,Year_Built,Age,Property_Type,Garage_Spaces,Has_Pool,Has_Fireplace,Has_AC,Lot_Size,Distance_to_School,Distance_to_Shopping,Distance_to_Highway,Price
University,3,4,1747,1979.0,45,Single Family,2,0,1,1,7269.0,0.4,1.3,1.1,283411
Riverside,3,4,1591,2022.0,2,Single Family,0,0,1,1,3205.0,1.0,0.6,5.3,322970
Hillside,3,2,1724,1955.0,69,Single Family,2,0,0,1,4042.0,1.4,0.8,3.3,297253
University,4,4,2241,1968.0,56,Single Family,2,0,0,0,7738.0,0.7,0.1,5.9,313593
Uptown,2,4,1344,2015.0,9,Single Family,1,0,1,0,8218.0,0.6,0.7,11.2,308731
Hillside,3,4,1497,1959.0,65,Single Family,2,1,0,1,11179.0,0.4,0.1,6.2,317977
Hillside,3,4,1599,1965.0,59,Single Family,2,0,0,1,6802.0,0.5,2.6,1.6,291490
University,2,2,1585,1986.0,38,Single Family,1,1,0,1,9849.0,1.7,4.6,5.1,240573
Suburban,4,4,2165,1981.0,43,Townhouse,2,0,0,1,7969.0,0.7,2.0,3.7,356267
Uptown,4,5,2268,1996.0,28,Single Family,0,0,0,1,9733.0,0.1,2.1,0.2,488201
University,3,4,1750,2021.0,3,Single Family,2,0,0,1,4724.0,0.2,1.3,8.0,237720
Uptown,4,5,2261,1992.0,32,Single Family,2,0,0,1,8266.0,0.7,0.3,1.9,467400
Uptown,4,4,2020,1985.0,39,Condo,0,0,0,0,9119.0,3.9,0.0,0.4,407455
Hillside,4,5,1946,1975.0,49,Townhouse,2,0,0,1,6510.0,0.7,0.8,1.7,382023
Riverside,4,4,2252,1959.0,65,Townhouse,2,0,0,1,9142.0,0.1,2.8,2.8,359644
Uptown,3,4,1925,1980.0,44,Single Family,2,0,0,1,9427.0,0.8,6.5,2.6,384059
Industrial,3,3,1517,1978.0,46,Condo,1,0,0,1,6446.0,1.7,1.1,2.6,189009
Hillside,3,3,1584,1954.0,70,Single Family,1,0,0,1,10326.0,1.4,0.9,0.9,296847
Suburban,4,5,2067,1950.0,74,Single Family,2,0,1,0,2000.0,0.5,1.2,3.0,306729
Riverside,2,4,1623,1952.0,72,Townhouse,1,0,1,0,2253.0,1.7,1.1,7.1,221805
Industrial,4,3,2212,2016.0,8,Single Family,1,0,0,1,4897.0,1.5,2.0,1.5,290920
Industrial,4,5,1835,2020.0,4,Duplex,2,0,0,1,8844.0,0.3,2.6,3.0,296921
Suburban,1,1,881,1984.0,40,Single Family,0,0,1,1,5735.0,0.3,3.1,0.8,128374
Riverside,4,4,2050,1964.0,60,Duplex,2,0,0,1,,1.2,2.1,0.1,362863
Hillside,2,1,1065,2016.0,8,Townhouse,2,0,0,0,7734.0,1.6,1.2,2.6,287453
Downtown,2,2,1279,1979.0,45,Single Family,2,0,1,1,8301.0,4.9,6.0,0.1,236355
Riverside,4,5,2041,1992.0,32,Single Family,1,0,1,0,6090.0,0.8,2.5,3.9,327705
Suburban,2,1,1227,2009.0,15,Single Family,1,0,0,1,4446.0,2.2,1.1,3.3,179844
Industrial,4,4,2018,1989.0,35,Condo,1,0,0,1,8021.0,0.2,1.2,1.4,256282
Hillside,4,6,2394,2014.0,10,Single Family,2,1,1,0,10384.0,3.3,3.4,1.6,550731
Riverside,3,3,1627,1978.0,46,Townhouse,0,0,0,1,4357.0,1.5,1.2,7.5,285040
Downtown,1,2,909,2023.0,1,Duplex,3,0,1,1,12742.0,1.5,1.5,0.0,308928
Downtown,2,2,1288,1968.0,56,Single Family,2,0,0,0,6300.0,0.2,0.7,2.5,231042
Uptown,3,4,1598,1952.0,72,Single Family,2,0,0,1,6089.0,0.1,3.7,7.7,290101
Uptown,6,6,2915,1985.0,39,Townhouse,1,0,0,1,8402.0,1.8,1.5,7.4,609515
University,3,3,1713,1992.0,32,Single Family,1,0,1,1,8309.0,0.2,1.6,2.6,278790
Suburban,2,2,1315,1964.0,60,Single Family,3,0,1,1,2000.0,0.2,4.3,1.4,182274
Riverside,3,2,1528,1990.0,34,Single Family,0,0,0,1,7675.0,0.3,5.1,0.3,265432
Riverside,3,3,1658,1985.0,39,Single Family,0,0,1,1,9733.0,0.2,3.5,0.6,287330
University,4,5,2252,1982.0,42,Townhouse,1,0,0,1,,1.5,0.1,3.4,368116
Industrial,2,3,1264,1954.0,70,Single Family,3,0,1,1,7652.0,0.8,1.2,0.1,190579
Industrial,4,5,2132,1963.0,61,Duplex,2,0,1,1,6931.0,0.5,0.8,6.4,244919
University,3,4,1733,2017.0,7,Single Family,2,0,0,1,10174.0,0.9,0.5,2.7,318531
Industrial,5,5,2583,1996.0,28,Townhouse,2,0,0,1,13375.0,2.8,4.8,0.1,348938
Uptown,2,2,1411,2003.0,21,Single Family,1,1,1,1,8280.0,3.9,4.4,0.8,322358
Riverside,3,3,1665,1953.0,71,Single Family,2,0,1,1,7452.0,1.0,1.3,2.7,247659
University,5,5,2317,1958.0,66,Single Family,1,0,0,1,11770.0,1.3,0.3,0.1,367463
Riverside,2,3,1056,2002.0,22,Townhouse,2,0,0,0,4610.0,0.4,0.0,4.5,213563
Downtown,5,6,2703,2009.0,15,Condo,1,0,1,0,8187.0,1.1,1.2,7.6,635599
Uptown,3,3,1854,1995.0,29,Single Family,1,0,0,1,15222.0,2.1,0.1,9.7,415138
Hillside,1,1,1029,2003.0,21,Single Family,2,0,0,1,9360.0,1.0,1.9,4.0,208325
Uptown,2,3,1462,2023.0,1,Single Family,1,0,0,1,10300.0,0.5,1.9,5.8,352493
University,4,5,2067,1986.0,38,Single Family,2,0,1,1,7013.0,1.3,4.6,2.8,306456
Hillside,1,1,775,1972.0,52,Townhouse,1,0,0,1,9758.0,4.4,0.4,1.8,136847
Downtown,3,5,1503,1976.0,48,Condo,1,0,0,0,11647.0,3.3,0.9,3.7,338265
University,2,4,1082,2019.0,5,Single Family,1,0,0,1,3457.0,2.2,3.9,0.8,190001
Suburban,3,3,1942,2015.0,9,Duplex,2,0,1,0,7711.0,0.5,1.3,0.3,341393
Riverside,1,1,801,2010.0,14,Single Family,0,0,1,1,9049.0,0.4,0.1,4.3,183685
Downtown,4,5,2310,2000.0,24,Townhouse,2,0,1,1,7830.0,2.7,0.2,9.5,516017
Riverside,5,6,2462,1999.0,25,Single Family,1,0,0,1,6538.0,0.3,3.4,2.6,464188
Industrial,5,6,2364,1968.0,56,Single Family,1,0,1,0,12185.0,1.4,2.7,2.0,323609
Suburban,4,4,1881,1950.0,74,Single Family,1,0,1,0,8610.0,0.9,4.2,2.3,259908
Suburban,2,2,1182,1989.0,35,Single Family,3,0,1,1,5896.0,0.9,0.3,2.0,222331
Downtown,4,5,2383,1981.0,43,Townhouse,2,0,1,1,10952.0,0.9,2.9,1.8,537668
Suburban,1,2,683,1971.0,53,Townhouse,1,0,0,1,12169.0,3.5,2.1,8.8,81588
Hillside,1,1,1323,2015.0,9,Single Family,2,0,1,1,11422.0,0.1,0.5,2.0,276513
Suburban,2,3,1131,1989.0,35,Condo,2,0,1,1,6753.0,2.3,7.3,0.3,177797
Riverside,3,4,1849,1987.0,37,Single Family,1,0,1,0,6882.0,2.7,1.7,4.4,332373
Riverside,4,5,2070,1997.0,27,Townhouse,2,0,0,0,4879.0,4.3,4.7,1.5,363317
University,3,4,1635,2004.0,20,Single Family,0,1,0,1,8761.0,0.9,3.9,3.7,298173
Riverside,3,4,1445,2004.0,20,Single Family,2,0,1,1,11295.0,1.0,0.8,2.6,309622
University,2,2,1280,2000.0,24,Single Family,2,0,0,1,9692.0,4.9,1.5,3.7,202373
Riverside,6,6,2668,2009.0,15,Single Family,1,0,0,0,13256.0,0.9,1.1,0.2,567759
Hillside,3,3,1363,1957.0,67,Townhouse,1,0,1,0,2178.0,1.1,2.5,0.1,201270
University,3,4,1723,2017.0,7,Single Family,3,1,0,1,,0.6,1.8,1.4,325775
Uptown,2,2,1172,2021.0,3,Single Family,2,0,0,1,10494.0,0.0,3.1,3.5,290761
Industrial,4,5,2436,1958.0,66,Single Family,2,0,1,1,6173.0,0.9,0.0,0.8,324950
Downtown,3,3,1900,1951.0,73,Townhouse,0,0,0,1,4605.0,1.6,2.3,1.7,318180
Riverside,2,2,1639,2019.0,5,Townhouse,1,0,0,1,4378.0,1.8,0.8,11.9,300613
Suburban,1,1,763,2008.0,16,Single Family,1,1,0,1,8313.0,0.0,0.5,0.7,190034
Riverside,3,2,1727,1968.0,56,Single Family,0,1,0,1,4303.0,2.4,3.2,5.7,245838
Suburban,3,4,1175,1977.0,47,Townhouse,2,0,0,1,12419.0,1.0,0.2,5.2,237764
Industrial,2,3,1243,2021.0,3,Single Family,2,0,0,1,9544.0,1.1,0.5,6.7,215938
Industrial,5,6,2519,1963.0,61,Single Family,2,0,0,1,7397.0,4.9,0.5,7.4,314900
Industrial,2,2,1330,1973.0,51,Single Family,1,0,0,1,7758.0,0.5,1.1,2.1,158544
Suburban,3,2,1691,1993.0,31,Single Family,2,0,0,1,11245.0,2.2,0.8,3.4,295572
Riverside,5,4,2513,2005.0,19,Single Family,3,0,1,0,12022.0,1.3,2.5,2.9,520228
Industrial,3,3,1157,2000.0,24,Townhouse,2,1,0,1,5198.0,1.8,2.4,1.1,180776
Hillside,3,4,1751,1981.0,43,Single Family,2,0,1,0,5800.0,0.8,0.8,1.0,324066
University,3,3,1796,1999.0,25,Townhouse,3,0,0,0,6928.0,0.5,1.1,1.3,289992
Suburban,2,2,1567,1990.0,34,Single Family,2,0,1,0,6126.0,1.2,0.5,0.7,247608
Suburban,6,6,2973,2015.0,9,Condo,0,1,1,0,2585.0,0.7,2.2,4.2,517352
Riverside,3,3,1673,1974.0,50,Single Family,1,0,0,1,5555.0,0.4,1.0,10.0,270839
Suburban,4,5,2320,2010.0,14,Single Family,3,0,0,1,5888.0,2.7,0.3,6.1,409210
Suburban,2,3,828,2015.0,9,Single Family,1,0,0,1,4399.0,1.0,0.3,0.7,171810
Industrial,2,2,1197,1991.0,33,Single Family,0,1,1,1,9320.0,2.8,0.8,0.2,186012
Riverside,1,1,746,2014.0,10,Single Family,1,1,0,1,7622.0,1.0,2.8,4.2,146266
Industrial,3,3,1693,1985.0,39,Townhouse,2,0,1,1,9851.0,1.2,0.1,1.5,243961
University,3,3,1260,1958.0,66,Single Family,3,0,0,1,5045.0,8.0,0.6,5.2,146369
University,4,4,2363,1985.0,39,Duplex,1,0,0,1,9901.0,4.5,0.4,4.5,356003
Industrial,3,5,1650,1987.0,37,Duplex,2,0,0,1,8434.0,0.5,6.3,2.9,224621
University,5,6,2563,1982.0,42,Single Family,2,0,1,0,6354.0,3.0,2.4,0.9,409244
Riverside,2,3,1344,1991.0,33,Duplex,1,0,0,1,12812.0,0.7,0.5,0.3,290589
Downtown,4,4,2352,2010.0,14,Single Family,0,0,1,1,8338.0,0.1,0.5,0.9,522388
Industrial,4,4,1727,1995.0,29,Single Family,3,1,0,1,6420.0,1.3,3.9,2.1,239379
Hillside,4,5,2122,2010.0,14,Single Family,1,0,0,1,8843.0,5.7,0.4,11.7,422943
Hillside,4,5,2329,1967.0,57,Single Family,2,0,1,0,5160.0,5.5,11.7,0.2,381799
Suburban,4,5,2080,2019.0,5,Single Family,2,0,1,0,7469.0,0.2,0.7,0.7,363389
University,3,3,1509,1964.0,60,Duplex,0,1,0,1,14087.0,2.2,0.2,3.0,250472
Hillside,2,3,1179,1997.0,27,Single Family,3,0,0,1,2691.0,2.4,2.3,1.1,212551
Suburban,1,1,821,2021.0,3,Single Family,1,0,1,0,6415.0,0.7,1.9,5.9,155918
Downtown,5,6,2355,1962.0,62,Condo,1,0,0,0,7557.0,1.6,17.3,0.5,502822
Riverside,3,4,1669,1992.0,32,Single Family,0,0,1,1,6900.0,1.0,3.2,9.9,269264
Riverside,4,5,2401,2009.0,15,Single Family,1,0,0,1,6498.0,0.4,1.1,7.3,465358
Riverside,3,3,1580,2006.0,18,Townhouse,2,1,0,1,13079.0,2.1,2.3,6.6,372791
Hillside,2,3,1202,2020.0,4,Single Family,2,1,1,0,6335.0,0.5,3.4,0.6,290560
Downtown,2,2,1391,1966.0,58,Single Family,3,1,0,0,9190.0,0.6,1.4,1.2,307658
Hillside,3,3,1665,1999.0,25,Single Family,1,0,1,1,6162.0,0.3,0.6,4.9,347659
University,3,3,1434,1981.0,43,Single Family,2,1,1,1,9197.0,1.9,0.5,4.9,253476
Hillside,2,3,1287,1971.0,53,Duplex,2,1,1,0,10807.0,0.9,0.7,3.7,243799
Downtown,3,3,1680,2004.0,20,Condo,2,1,0,1,7776.0,0.9,3.8,1.8,423659
Downtown,1,1,1095,2006.0,18,Single Family,2,0,1,1,6284.0,1.4,1.0,1.1,255293
University,3,4,1505,1962.0,62,Single Family,1,0,1,1,,0.3,0.7,9.9,206294
Downtown,2,2,1496,1996.0,28,Single Family,1,0,0,0,9605.0,3.4,3.3,0.4,325697
Downtown,4,5,2080,2011.0,13,Duplex,1,1,0,1,10599.0,0.9,0.1,0.1,567747
Riverside,2,2,1078,2003.0,21,Single Family,2,0,0,1,8771.0,0.7,1.8,0.0,254962
University,3,2,1438,1978.0,46,Single Family,3,0,1,1,7761.0,0.2,4.1,4.5,235631
Uptown,1,2,1286,1971.0,53,Townhouse,1,1,1,1,11836.0,0.3,1.1,0.2,329190
Uptown,1,1,868,2014.0,10,Duplex,0,0,1,1,6120.0,3.8,0.6,2.3,201269
Downtown,3,3,1887,1978.0,46,Single Family,0,0,1,0,6763.0,0.9,1.4,1.4,375206
Uptown,3,4,1358,1997.0,27,Single Family,2,1,0,1,13381.0,1.9,2.5,0.5,388566
Uptown,3,4,2227,1954.0,70,Single Family,1,1,0,1,7709.0,0.1,1.5,4.0,412642
Downtown,2,3,1478,1984.0,40,Single Family,1,0,0,1,9977.0,1.5,0.0,0.2,316810
Uptown,3,3,1648,2023.0,1,Townhouse,1,1,0,1,5339.0,3.8,0.2,1.1,359198
Hillside,4,3,2038,2020.0,4,Townhouse,2,0,0,1,11002.0,0.5,2.6,2.5,442176
Suburban,4,5,2246,1995.0,29,Townhouse,2,0,1,1,4548.0,1.3,1.0,1.5,396691
University,1,2,1035,1984.0,40,Single Family,2,0,1,0,4325.0,4.2,3.1,0.9,103582
Suburban,3,4,1736,1994.0,30,Single Family,1,0,0,0,10677.0,1.9,2.1,7.8,304366
Downtown,2,3,1302,1962.0,62,Single Family,1,0,1,1,6915.0,0.1,1.7,8.0,242548
Riverside,2,3,1412,1959.0,65,Single Family,0,0,0,0,7272.0,0.7,4.6,1.6,202301
University,6,6,2551,2015.0,9,Townhouse,0,1,0,1,9291.0,0.1,0.0,1.5,458347
Downtown,2,2,1225,2019.0,5,Single Family,1,0,1,0,7129.0,3.0,0.3,1.1,301922
Riverside,3,4,1370,2021.0,3,Single Family,1,1,0,1,4856.0,1.5,2.0,5.8,359762
Suburban,3,3,1820,1974.0,50,Single Family,2,0,1,1,,4.7,0.1,2.5,265734
Downtown,4,4,1964,1993.0,31,Single Family,0,0,1,0,5075.0,0.0,2.1,0.3,424994
University,3,4,1385,2009.0,15,Single Family,0,1,1,0,11484.0,0.8,8.3,5.8,258843
University,1,2,741,1996.0,28,Condo,2,1,0,1,11617.0,0.2,4.2,2.3,130944
Industrial,2,2,1329,1989.0,35,Single Family,2,0,0,1,5477.0,0.6,1.8,1.6,181546
Hillside,3,2,1658,1956.0,68,Townhouse,2,0,0,1,9306.0,0.3,4.5,1.2,265032
Uptown,1,1,665,1995.0,29,Single Family,2,0,1,1,7182.0,0.6,0.2,0.3,185287
Riverside,3,4,1359,1972.0,52,Single Family,1,0,1,1,12378.0,2.6,1.2,9.4,260730
Industrial,1,3,914,1995.0,29,Condo,2,1,0,1,15108.0,0.3,1.1,4.1,189954
Uptown,1,1,783,1962.0,62,Single Family,2,0,1,0,10195.0,1.0,0.8,0.4,179607
Uptown,3,2,1648,1970.0,54,Townhouse,1,0,0,1,6458.0,3.8,0.0,2.1,293124
Downtown,2,3,1268,1950.0,74,Single Family,1,0,0,0,4523.0,10.1,4.4,2.4,155632
Uptown,3,3,1786,1968.0,56,Single Family,1,0,1,1,8734.0,0.4,3.0,0.6,322217
Hillside,3,4,1869,,15,Townhouse,1,0,1,1,7532.0,4.1,2.1,1.7,332239
University,4,6,2129,1982.0,42,Condo,1,0,0,1,3672.0,0.5,0.3,3.1,303497
Industrial,2,1,1235,1953.0,71,Condo,1,0,0,1,8238.0,0.8,1.0,1.0,100542
Uptown,2,3,1304,1952.0,72,Single Family,0,0,0,1,14337.0,3.2,5.2,1.2,237707
Downtown,2,1,1232,2001.0,23,Single Family,0,0,0,1,10417.0,2.3,1.9,0.4,267284
Hillside,3,3,1371,1977.0,47,Townhouse,0,0,1,1,4514.0,2.9,1.8,1.6,244390
Suburban,4,5,2318,2019.0,5,Townhouse,0,1,0,0,7944.0,2.4,4.9,2.6,396259
University,1,1,1080,2019.0,5,Single Family,1,1,0,1,9120.0,0.4,1.6,0.4,191037
University,5,6,2897,2004.0,20,Single Family,2,0,0,0,9477.0,1.2,1.8,2.9,458489
Industrial,1,2,1356,2006.0,18,Condo,0,0,1,1,3091.0,0.7,0.8,1.5,164796
University,3,3,1464,1965.0,59,Single Family,2,1,1,1,7648.0,0.9,0.9,3.4,200951
Uptown,4,4,2032,1973.0,51,Single Family,2,0,1,1,8783.0,0.3,2.3,1.1,432032
Downtown,4,4,2602,2018.0,6,Condo,2,0,0,1,7440.0,0.6,0.8,2.5,559153
University,4,4,2091,1990.0,34,Single Family,2,0,1,0,2212.0,2.9,1.6,2.8,258920
University,4,3,2148,1996.0,28,Single Family,1,0,0,1,7545.0,3.4,0.7,3.5,306042
Suburban,2,2,995,2018.0,6,Townhouse,0,0,1,0,10352.0,1.4,0.4,4.2,258536
Suburban,4,4,2130,1980.0,44,Single Family,3,0,1,0,6284.0,1.0,1.2,0.4,345573
Riverside,1,2,1286,1979.0,45,Townhouse,0,0,0,1,6590.0,1.9,0.5,10.1,181584
Hillside,4,5,2357,1967.0,57,Single Family,3,0,0,0,12193.0,1.4,4.6,5.6,457047
Uptown,3,4,1578,1993.0,31,Single Family,2,1,0,1,7400.0,6.2,0.7,2.5,335176
University,4,3,2020,1976.0,48,Single Family,1,0,0,1,8335.0,0.3,1.8,6.6,292178
University,3,3,1473,1975.0,49,Duplex,1,0,0,1,2406.0,0.9,0.6,1.4,175203
Downtown,3,4,1529,,15,Single Family,2,1,1,0,4841.0,3.8,0.6,0.1,405156
Riverside,3,3,1317,1967.0,57,Single Family,0,0,0,1,14569.0,3.7,0.9,3.9,264077
Hillside,4,3,2083,2005.0,19,Single Family,1,0,1,1,12966.0,1.0,5.0,8.6,442182
Riverside,1,2,1202,1980.0,44,Single Family,2,1,1,1,9418.0,0.2,1.0,0.5,249288
Industrial,1,2,971,2008.0,16,Single Family,2,0,1,1,2000.0,2.5,3.4,3.1,154338
Hillside,2,3,1573,1951.0,73,Single Family,1,0,0,1,4004.0,1.3,0.4,5.0,224623
University,2,1,1514,1988.0,36,Single Family,1,1,0,0,3924.0,2.2,0.1,7.1,206675
University,4,5,1990,2010.0,14,Single Family,2,0,0,1,3880.0,0.9,3.0,1.0,320814
Hillside,2,3,1148,2012.0,12,Townhouse,2,0,0,1,6841.0,0.3,1.6,0.4,238727
University,5,6,2355,1967.0,57,Townhouse,2,1,1,1,10342.0,0.0,1.4,0.9,384338
Uptown,2,3,956,1966.0,58,Single Family,3,1,0,0,6104.0,1.2,0.6,2.6,188270
Hillside,2,3,1306,1988.0,36,Single Family,1,1,0,1,7068.0,0.3,0.2,7.5,257546
Riverside,4,5,1519,2020.0,4,Townhouse,1,0,0,1,7078.0,0.3,1.3,2.6,339714
Hillside,3,3,1818,2003.0,21,Townhouse,2,0,1,1,10709.0,0.9,4.0,7.6,371853
University,3,4,1714,1984.0,40,Single Family,2,0,0,1,10679.0,0.9,0.3,4.4,268148
Uptown,3,4,1794,1960.0,64,Condo,1,0,0,0,8485.0,0.5,5.3,2.7,327601
Uptown,4,5,2311,2010.0,14,Single Family,0,0,0,1,11835.0,0.2,0.6,0.1,538017
Industrial,2,2,1339,1993.0,31,Single Family,2,0,0,1,6851.0,4.3,1.5,1.2,185506
Riverside,6,6,3226,2017.0,7,Single Family,1,0,1,1,13240.0,0.2,0.1,0.2,667030
Suburban,5,6,2624,1974.0,50,Condo,3,0,0,1,6181.0,0.6,1.1,1.2,416847
Suburban,3,4,1548,1997.0,27,Single Family,0,0,1,0,2095.0,0.5,0.3,0.2,272853
Hillside,2,4,1252,1981.0,43,Townhouse,1,0,0,1,4211.0,3.0,0.1,0.6,209522
Industrial,3,4,1247,1953.0,71,Single Family,0,1,0,0,3944.0,0.8,6.8,1.6,151423
Downtown,1,2,719,1987.0,37,Single Family,2,0,0,1,5779.0,0.2,2.6,2.2,159048
Hillside,1,2,823,2012.0,12,Single Family,2,0,0,0,11385.0,0.0,2.5,0.7,185300
Industrial,2,3,1409,1996.0,28,Condo,2,1,1,1,6652.0,1.9,0.2,4.0,200458
Riverside,3,4,1549,1950.0,74,Single Family,3,0,0,1,3935.0,1.9,5.3,2.7,242754
Riverside,4,5,1850,1952.0,72,Single Family,0,0,1,1,3631.0,0.8,1.3,3.5,297714
Riverside,4,4,1722,2011.0,13,Single Family,0,0,0,1,7827.0,0.2,3.8,4.0,408781
Riverside,4,4,1980,2013.0,11,Condo,2,1,1,1,12574.0,0.7,0.0,3.9,457478
Riverside,3,4,2090,1966.0,58,Single Family,2,0,1,1,8663.0,1.3,0.7,8.3,335879
Industrial,2,2,1354,2011.0,13,Single Family,2,0,1,1,10831.0,1.8,11.1,0.8,191142
Industrial,3,3,1887,1984.0,40,Single Family,2,1,0,1,9205.0,0.1,1.1,0.9,263182
Uptown,6,6,2719,1962.0,62,Duplex,1,1,1,0,3420.0,1.2,4.4,0.3,501823
Suburban,1,1,585,1984.0,40,Condo,1,0,1,1,9804.0,0.5,0.8,2.7,131190
University,4,4,1855,1992.0,32,Townhouse,3,1,0,1,4582.0,1.4,1.5,1.5,326473
Riverside,3,3,1680,1951.0,73,Single Family,1,1,0,0,6749.0,1.6,3.9,2.1,290095
Downtown,3,5,1301,2005.0,19,Single Family,1,0,0,0,5831.0,3.6,1.9,0.6,324417
University,4,5,1898,2000.0,24,Condo,2,0,0,1,7689.0,0.8,2.6,3.1,308099
Industrial,3,3,1582,2003.0,21,Single Family,1,0,0,1,7254.0,1.2,0.5,2.9,223334
Downtown,4,3,1835,1965.0,59,Single Family,2,0,0,0,6858.0,0.5,0.3,0.9,370882
Downtown,5,6,2075,1967.0,57,Single Family,0,1,1,1,7172.0,0.5,0.5,1.9,488401
Downtown,3,3,1757,1956.0,68,Condo,2,0,0,1,8803.0,0.1,1.4,6.7,373251
Uptown,2,3,1309,1994.0,30,Single Family,2,1,1,0,7172.0,0.5,3.2,4.5,324798
Industrial,3,4,1855,1985.0,39,Single Family,2,0,0,0,7482.0,0.1,0.9,0.8,256795
Downtown,5,6,2277,1990.0,34,Condo,1,0,1,1,13976.0,5.0,1.7,6.3,552017
Riverside,2,2,1451,1991.0,33,Single Family,1,0,0,1,11118.0,1.5,3.3,0.2,278527
Hillside,3,4,2005,1956.0,68,Single Family,1,0,1,1,,0.3,0.5,1.6,336823
Downtown,3,3,1752,1964.0,60,Duplex,1,1,0,1,8320.0,0.2,4.3,0.3,369650
Uptown,4,6,1978,2009.0,15,Duplex,2,0,0,0,8085.0,0.7,6.1,7.7,434563
University,2,3,1329,1989.0,35,Condo,1,0,1,1,8239.0,0.6,0.1,0.1,220789
Industrial,4,4,1968,1986.0,38,Townhouse,0,0,0,1,7937.0,0.5,0.1,0.5,257652
Uptown,5,5,2335,2015.0,9,Single Family,0,1,0,1,8261.0,0.9,0.2,7.4,535604
Downtown,2,2,1436,2004.0,20,Condo,2,1,0,1,7244.0,3.7,3.0,2.6,363649
Industrial,2,3,1272,2005.0,19,Single Family,0,0,1,0,6156.0,1.3,0.4,4.8,138284
Hillside,5,5,2741,1993.0,31,Condo,2,0,0,1,6836.0,1.1,2.6,0.0,543217
Downtown,2,3,1211,,18,Condo,2,0,1,0,2791.0,2.5,1.2,1.6,263274
Uptown,4,4,2031,1955.0,69,Townhouse,2,0,0,0,10085.0,0.0,3.6,12.5,363618
Suburban,3,4,1586,1981.0,43,Condo,2,0,0,1,9446.0,0.3,3.3,2.6,270291
Riverside,2,3,1075,2023.0,1,Townhouse,0,0,1,0,14034.0,1.0,6.4,5.7,264801
University,4,5,2262,1967.0,57,Single Family,2,0,0,1,4413.0,1.8,0.6,9.9,318330
Uptown,3,4,2137,2017.0,7,Townhouse,2,0,1,0,6789.0,1.0,0.5,3.5,450077
Industrial,3,3,1623,2022.0,2,Single Family,2,0,0,0,11500.0,0.3,0.1,1.2,251449
Downtown,3,2,1563,1956.0,68,Single Family,2,0,0,1,9076.0,4.0,1.1,1.1,311852
Riverside,3,4,1550,1957.0,67,Single Family,0,0,0,0,12894.0,0.6,1.2,0.2,280123
Downtown,2,2,1164,2013.0,11,Single Family,1,0,0,0,12428.0,2.3,6.7,1.7,302893
Industrial,3,3,2029,1956.0,68,Condo,2,0,1,1,2000.0,3.3,3.6,7.4,202907
Downtown,5,4,2356,1990.0,34,Duplex,2,0,1,0,8772.0,0.6,0.4,2.0,517021
Suburban,2,2,1182,1989.0,35,Single Family,1,0,0,0,8787.0,2.8,3.2,7.3,191146
Riverside,3,2,1451,1952.0,72,Single Family,1,1,0,1,7931.0,1.9,0.4,5.1,217203
Riverside,2,3,1358,1966.0,58,Single Family,1,0,0,0,6696.0,3.5,0.2,12.4,191857
Industrial,4,4,2086,2015.0,9,Duplex,2,1,1,1,12686.0,0.4,3.6,8.9,318191
University,2,3,1072,2001.0,23,Single Family,3,0,1,0,7918.0,4.0,7.5,3.7,129914
Suburban,5,4,2321,1971.0,53,Townhouse,2,0,0,0,2000.0,0.1,0.2,6.1,350625
Uptown,3,4,2006,1953.0,71,Condo,1,0,0,1,6672.0,2.4,3.4,4.1,346794
Downtown,2,2,1306,1955.0,69,Single Family,0,0,0,1,14213.0,0.9,3.9,3.6,258030
Hillside,1,2,920,1987.0,37,Condo,0,0,1,0,4648.0,0.3,0.3,3.8,176518
Downtown,2,3,1321,1975.0,49,Condo,1,0,1,1,11652.0,0.1,0.7,3.8,306190
Downtown,3,3,1978,1960.0,64,Condo,2,0,0,0,11127.0,0.7,2.6,1.4,394996
Uptown,2,4,1090,1966.0,58,Single Family,1,1,0,0,7232.0,0.7,3.3,1.7,213837
Downtown,4,6,2020,1980.0,44,Single Family,2,0,0,1,8567.0,0.4,0.9,1.0,481180
Suburban,3,4,1666,1984.0,40,Condo,2,0,0,0,7791.0,0.4,0.3,0.5,294352
Suburban,2,3,955,1965.0,59,Single Family,3,0,1,1,6418.0,0.8,2.1,1.8,153015
Riverside,3,3,1516,1967.0,57,Townhouse,1,0,0,0,5994.0,0.8,2.4,6.9,212013
Industrial,4,5,2309,2011.0,13,Single Family,0,0,1,1,12262.0,0.9,1.4,3.2,312248
University,2,1,1452,1976.0,48,Single Family,1,0,0,1,7479.0,3.0,0.3,0.2,200684
Hillside,2,1,1487,1984.0,40,Single Family,2,0,0,1,5683.0,1.4,3.7,5.0,212817
Downtown,1,3,782,1994.0,30,Single Family,3,0,1,0,9647.0,0.0,2.1,8.2,244291
Downtown,4,4,2006,1984.0,40,Single Family,0,0,0,1,9279.0,1.1,4.1,5.3,414934
Uptown,3,4,1342,1977.0,47,Single Family,0,0,1,1,3523.0,2.2,5.4,3.9,238840
Industrial,3,4,1886,1958.0,66,Single Family,2,1,0,1,6067.0,0.1,3.3,0.5,295452
Suburban,4,5,2319,1964.0,60,Townhouse,2,1,0,1,2903.0,0.8,6.4,1.3,346874
Hillside,4,6,2316,1970.0,54,Townhouse,3,1,1,1,15650.0,0.9,6.2,2.5,495823
Riverside,3,3,2020,2001.0,23,Single Family,1,0,0,1,6911.0,4.6,1.9,0.2,341505
Suburban,4,3,2184,1984.0,40,Single Family,1,0,0,1,5969.0,1.0,2.6,0.3,307130
Industrial,2,2,1611,2000.0,24,Single Family,0,0,1,1,6499.0,2.1,2.4,8.2,183796
University,2,2,1259,2004.0,20,Single Family,0,0,0,1,5737.0,0.5,1.9,3.6,181987
Riverside,2,1,946,1993.0,31,Single Family,2,0,0,0,7450.0,2.3,0.0,1.0,196577
University,1,1,1072,,10,Single Family,1,1,1,1,11705.0,0.6,0.9,1.2,224339
Uptown,3,4,1339,1974.0,50,Single Family,0,0,0,1,8292.0,0.8,0.2,1.5,279475
Uptown,5,6,2534,1996.0,28,Townhouse,2,0,0,1,3837.0,1.0,0.7,0.2,558316
Downtown,1,1,1091,2005.0,19,Single Family,0,0,0,0,4556.0,3.9,0.1,4.0,200956
University,2,3,1364,1987.0,37,Condo,2,0,0,1,8523.0,0.1,5.1,0.6,232232
Industrial,3,3,2155,1960.0,64,Single Family,1,0,1,1,5502.0,0.3,1.2,4.9,256816
Hillside,5,4,2106,2016.0,8,Duplex,2,0,0,1,7427.0,1.8,0.4,5.6,480405
Riverside,2,3,1283,1964.0,60,Single Family,0,0,0,1,15937.0,1.3,1.8,3.1,268414
Suburban,3,4,1703,1950.0,74,Single Family,2,0,0,1,4982.0,0.4,0.4,4.4,257370
Industrial,1,2,631,1956.0,68,Single Family,0,0,0,1,3661.0,0.5,3.3,0.6,53185
Industrial,2,1,1069,1950.0,74,Single Family,1,0,1,0,5779.0,0.7,0.7,2.6,130960
Uptown,6,6,2730,1998.0,26,Single Family,2,1,0,0,2602.0,0.9,0.8,3.4,565819
University,5,6,2280,2022.0,2,Single Family,0,0,1,0,11858.0,2.6,4.1,3.3,381943
Downtown,1,2,878,1978.0,46,Townhouse,1,0,0,0,4522.0,0.0,1.6,0.4,117719
Downtown,5,6,2379,1975.0,49,Single Family,2,1,1,1,5078.0,3.4,4.4,1.3,552943
Riverside,3,4,1763,1994.0,30,Townhouse,2,0,0,1,3999.0,0.8,1.1,1.2,340441
Uptown,4,5,2229,,4,Single Family,0,0,0,1,2925.0,0.4,0.8,2.5,433521
Industrial,3,4,1816,1961.0,63,Condo,0,0,1,1,7835.0,1.1,1.4,4.3,202421
Hillside,3,5,1617,1981.0,43,Single Family,0,1,0,1,5746.0,1.6,0.1,2.5,360165
Uptown,3,4,1756,1969.0,55,Single Family,0,0,0,1,2585.0,0.1,0.3,4.2,309565
Riverside,3,3,1907,2000.0,24,Single Family,3,0,0,1,6883.0,1.9,0.5,0.3,367129
Riverside,2,3,1389,1985.0,39,Single Family,2,0,0,0,9096.0,2.1,3.4,6.3,249637
Uptown,1,1,1271,,8,Single Family,1,0,1,1,6674.0,0.3,2.6,2.3,250008
Riverside,2,2,1496,1950.0,74,Single Family,3,1,0,0,9797.0,0.3,0.4,0.1,231660
Uptown,4,5,2443,1976.0,48,Townhouse,2,0,1,1,13095.0,0.3,0.6,3.1,526791
Suburban,2,4,801,1989.0,35,Condo,2,0,0,1,10443.0,2.4,5.8,2.2,212066
Uptown,3,5,1719,1963.0,61,Single Family,1,0,1,1,8647.0,0.5,0.2,0.7,353269
University,5,5,2435,2018.0,6,Duplex,1,0,0,0,10436.0,2.4,1.6,4.3,375011
Uptown,1,2,875,1955.0,69,Condo,2,1,1,1,14681.0,1.2,1.5,8.1,207493
Riverside,3,3,1539,1982.0,42,Condo,0,1,0,1,3676.0,2.2,2.6,1.2,292164
University,3,5,1779,2004.0,20,Single Family,1,0,0,0,9898.0,1.2,0.6,2.0,314165
Riverside,4,6,1738,1968.0,56,Single Family,0,1,1,0,5009.0,0.6,5.5,0.4,368444
Downtown,2,3,1380,1978.0,46,Single Family,0,0,0,1,8725.0,3.6,1.1,8.0,289144
Downtown,3,4,1545,2010.0,14,Townhouse,2,1,0,0,4033.0,1.9,0.7,1.2,346532
University,4,5,1999,2019.0,5,Single Family,2,0,1,1,10267.0,1.0,0.8,0.6,367610
Suburban,5,6,2587,1973.0,51,Single Family,1,0,0,1,8839.0,1.5,0.9,2.0,399562
Downtown,3,2,1715,1972.0,52,Single Family,1,0,0,1,12498.0,1.4,0.4,0.1,380841
Uptown,3,3,1910,1959.0,65,Single Family,2,0,0,0,7186.0,0.7,5.3,0.9,336203
Riverside,3,4,1506,2003.0,21,Townhouse,0,0,1,1,7090.0,0.8,0.4,0.2,293815
Downtown,4,5,2083,1990.0,34,Single Family,2,1,0,1,7120.0,0.6,4.3,0.4,492309
Downtown,3,3,1877,1998.0,26,Townhouse,2,1,1,0,15383.0,11.5,1.0,0.4,454938
Suburban,1,3,972,1966.0,58,Townhouse,0,0,1,0,9900.0,1.3,0.6,6.2,160219
University,5,5,2585,2005.0,19,Single Family,2,0,1,0,12034.0,0.1,0.4,8.0,425041
University,3,4,1921,1994.0,30,Single Family,2,1,0,1,10173.0,1.1,1.4,1.9,310668
Industrial,3,4,1618,1979.0,45,Townhouse,0,0,1,1,10645.0,0.1,2.2,3.0,241972
Suburban,2,3,1176,1993.0,31,Single Family,0,0,0,0,3574.0,0.5,4.6,3.6,179938
Uptown,3,4,1815,2023.0,1,Single Family,3,0,1,1,6320.0,0.9,2.1,1.5,432076
University,3,3,1670,2004.0,20,Single Family,0,0,0,1,6136.0,1.1,1.3,1.4,218272
Riverside,3,3,1924,1968.0,56,Single Family,2,0,1,1,8177.0,5.6,0.1,3.4,306598
Suburban,2,3,1373,,46,Single Family,2,0,0,1,7689.0,6.0,4.9,1.4,210367
Downtown,3,4,1575,1951.0,73,Single Family,1,0,0,0,3176.0,0.2,4.7,2.6,232418
Riverside,6,6,2967,1985.0,39,Single Family,0,0,0,0,8128.0,1.2,1.0,2.2,505000
Riverside,1,2,719,1968.0,56,Single Family,1,1,0,1,2000.0,2.5,0.1,2.2,92235
Downtown,5,5,2689,1956.0,68,Condo,1,0,0,0,10329.0,0.4,2.6,5.3,557874
Suburban,3,4,1420,1975.0,49,Single Family,2,0,0,1,8311.0,2.1,3.1,3.7,239005
Downtown,4,5,2344,1987.0,37,Condo,3,0,0,1,11736.0,3.2,1.6,9.7,537660
Industrial,4,4,2164,1952.0,72,Single Family,2,0,1,1,8638.0,1.6,1.0,4.7,245373
Riverside,3,2,1667,2015.0,9,Townhouse,1,0,0,1,6612.0,0.6,3.8,0.5,294853
Hillside,4,5,2252,2020.0,4,Single Family,2,0,0,1,3271.0,3.8,0.4,4.0,468645
Hillside,4,5,2202,,32,Townhouse,2,0,1,1,6816.0,3.2,1.2,3.3,440932
Uptown,3,4,1966,2011.0,13,Single Family,3,0,1,1,5636.0,1.9,0.0,3.1,396945
University,2,3,1564,2020.0,4,Townhouse,1,0,0,1,9114.0,0.7,0.4,2.0,219650
Downtown,3,4,1770,1973.0,51,Single Family,2,0,0,1,6736.0,2.4,5.7,0.2,326486
Downtown,4,6,1925,1988.0,36,Single Family,2,0,0,1,9814.0,0.6,1.7,9.1,441821
Uptown,4,5,1991,2017.0,7,Single Family,1,0,1,0,12061.0,0.4,3.3,5.7,447279
Uptown,4,4,2085,1993.0,31,Condo,3,1,1,0,3757.0,1.1,1.3,2.0,444984
Uptown,3,3,1916,1954.0,70,Townhouse,0,0,1,1,7992.0,8.8,3.6,0.5,317616
Riverside,4,4,2008,2004.0,20,Single Family,0,0,0,1,7856.0,2.4,1.5,5.2,375503
Industrial,2,3,1225,1979.0,45,Townhouse,2,0,1,1,,2.0,0.0,1.7,162270
Downtown,3,3,2069,1978.0,46,Townhouse,0,1,0,1,10059.0,0.9,4.6,1.5,450527
Riverside,1,3,879,1975.0,49,Condo,2,0,0,0,12763.0,0.6,0.3,3.3,173846
Uptown,2,3,1173,1975.0,49,Condo,2,0,0,1,4671.0,2.9,1.2,4.3,171282
Downtown,3,4,1855,1986.0,38,Townhouse,0,0,0,1,3283.0,1.3,1.3,0.2,365415
Riverside,3,3,1688,2002.0,22,Single Family,1,0,1,1,8565.0,2.5,0.1,4.4,337152
Industrial,3,2,1422,1979.0,45,Townhouse,2,0,1,1,9348.0,1.0,0.1,4.0,221973
Riverside,3,2,1908,1952.0,72,Single Family,2,0,1,1,10160.0,2.1,2.9,2.7,324633
Industrial,3,3,1550,1992.0,32,Duplex,3,0,0,1,5716.0,3.0,0.7,1.2,194297
Uptown,2,1,1308,1956.0,68,Single Family,2,1,1,1,3266.0,0.7,1.1,0.5,220325
Industrial,3,4,1686,1998.0,26,Single Family,1,0,1,1,11656.0,0.0,1.7,0.3,260676
Downtown,2,3,1346,2022.0,2,Single Family,0,0,0,1,9537.0,0.4,0.9,0.0,347141
Uptown,1,2,500,1990.0,34,Townhouse,3,0,1,0,6863.0,3.7,3.0,0.7,149314
Downtown,3,4,1632,2003.0,21,Condo,2,1,1,1,2000.0,1.7,4.3,1.6,386009
Hillside,3,3,1924,2018.0,6,Single Family,0,0,0,1,5992.0,2.0,0.1,0.8,360658
Suburban,3,4,1953,1976.0,48,Townhouse,2,1,1,1,10086.0,0.6,2.0,1.1,379712
Industrial,3,4,1501,1957.0,67,Townhouse,2,0,1,1,9304.0,1.8,0.8,1.5,223612
Suburban,3,3,1884,1981.0,43,Townhouse,2,0,1,1,3865.0,1.6,1.8,1.1,303121
Suburban,4,5,1947,2013.0,11,Single Family,1,0,1,1,9857.0,0.3,1.3,3.9,350457
Industrial,3,3,1625,1959.0,65,Condo,2,1,0,1,7735.0,5.2,0.8,2.0,204514
Uptown,3,4,1635,1962.0,62,Single Family,2,0,1,1,11801.0,0.7,0.2,0.1,344739
Hillside,1,3,921,2012.0,12,Townhouse,2,0,1,0,5906.0,0.6,1.6,0.8,215690
Downtown,2,1,1500,1984.0,40,Single Family,3,0,0,1,6149.0,0.7,0.2,3.7,273688
Riverside,3,4,1752,2010.0,14,Single Family,2,0,0,0,8345.0,0.1,0.3,1.1,371675
Downtown,3,4,1674,2003.0,21,Condo,2,0,1,0,6747.0,1.5,8.1,7.6,380247
Riverside,3,5,1893,1957.0,67,Single Family,3,1,0,1,5379.0,0.4,0.8,3.7,359774
Downtown,3,3,1539,1978.0,46,Single Family,0,0,1,1,13524.0,2.4,1.8,1.0,347973
Industrial,3,4,1684,1990.0,34,Townhouse,0,0,1,0,12262.0,0.8,0.6,2.2,251107
Hillside,4,3,2299,1979.0,45,Single Family,2,0,0,1,5120.0,0.9,4.0,3.3,410485
Riverside,4,4,2205,1970.0,54,Single Family,0,0,0,1,8660.0,1.6,0.7,0.6,328346
University,4,3,2006,1960.0,64,Single Family,0,0,0,0,3404.0,2.2,0.9,0.8,254169
Uptown,5,6,2197,1951.0,73,Single Family,0,0,0,1,13103.0,0.4,1.9,2.1,446720
Downtown,1,2,962,1999.0,25,Single Family,1,0,1,1,10280.0,5.1,4.1,7.8,216436
Downtown,2,3,984,1990.0,34,Single Family,1,1,0,1,11010.0,1.5,3.4,1.3,309197
Riverside,1,3,857,2015.0,9,Condo,1,0,0,1,7245.0,0.0,0.6,1.5,216008
Uptown,3,2,1935,1952.0,72,Single Family,3,0,1,1,11524.0,0.8,3.5,0.6,346473
Uptown,4,4,2219,2000.0,24,Single Family,2,0,1,1,11532.0,0.9,2.4,2.7,454058
Industrial,2,1,895,2017.0,7,Single Family,2,0,0,1,7506.0,2.5,9.2,4.0,121361
University,5,5,2540,1974.0,50,Single Family,0,0,1,1,4552.0,0.5,5.5,1.7,371912
Industrial,1,1,836,1979.0,45,Townhouse,2,1,0,1,9305.0,0.6,1.5,4.2,149145
Industrial,5,5,2245,1960.0,64,Townhouse,2,0,1,1,7620.0,0.1,2.8,1.1,256395
Industrial,3,3,1767,1966.0,58,Single Family,2,1,0,0,13557.0,0.5,1.7,3.7,264049
Industrial,2,2,1201,1975.0,49,Single Family,1,0,0,0,8151.0,1.9,1.8,0.9,148547
Industrial,3,3,1602,1972.0,52,Single Family,1,0,1,1,8319.0,1.5,0.2,4.6,220996
Hillside,2,2,1324,2005.0,19,Townhouse,2,1,0,1,10420.0,0.1,0.0,5.3,314220
Uptown,2,4,1174,2001.0,23,Single Family,2,1,0,0,8009.0,0.2,0.1,4.8,264972
Industrial,2,3,1319,1997.0,27,Single Family,2,1,1,1,10083.0,0.7,6.8,0.7,201335
Uptown,4,6,1981,1969.0,55,Single Family,2,0,1,0,6382.0,2.0,0.3,3.6,380139
Uptown,3,3,1592,1951.0,73,Townhouse,1,0,0,0,4644.0,2.7,0.1,2.3,227080
Suburban,2,2,1498,1980.0,44,Condo,2,0,1,0,5262.0,0.0,0.7,12.8,227383
Hillside,3,4,1918,1976.0,48,Condo,0,0,1,1,6988.0,0.6,1.8,1.3,343062
Industrial,4,4,1758,1951.0,73,Single Family,2,0,1,1,8355.0,0.8,5.9,4.4,224890
Downtown,2,2,1449,1953.0,71,Single Family,3,1,0,0,9497.0,3.6,2.4,1.4,311305
Riverside,3,3,1979,1962.0,62,Single Family,2,0,1,1,9366.0,1.0,0.6,1.5,305294
University,2,2,1611,1984.0,40,Townhouse,1,1,1,0,8030.0,0.5,5.6,0.4,268831
Downtown,2,2,1404,2021.0,3,Duplex,1,0,1,1,4789.0,0.7,0.1,0.8,361989
Hillside,3,3,1488,2015.0,9,Single Family,2,0,0,0,10096.0,0.9,7.7,0.5,289796
Riverside,2,3,1425,1955.0,69,Single Family,2,0,1,1,3495.0,1.7,0.1,0.5,224224
Hillside,3,2,1526,1980.0,44,Single Family,2,0,0,1,4497.0,0.1,2.8,0.0,307210
Uptown,4,4,2031,1959.0,65,Single Family,2,1,1,1,8135.0,0.7,0.1,4.7,396200
Riverside,2,3,1376,1970.0,54,Single Family,0,0,1,0,10389.0,1.6,5.4,1.9,206817
Uptown,3,3,1539,2023.0,1,Single Family,2,0,0,0,9881.0,0.5,0.2,4.9,383922
Downtown,2,2,1070,1972.0,52,Single Family,2,0,0,1,7698.0,1.3,0.1,2.8,230744
Downtown,5,6,2593,1952.0,72,Single Family,3,0,0,1,9334.0,0.7,4.4,5.3,545712
Riverside,3,3,2073,1981.0,43,Townhouse,1,1,1,1,4803.0,2.1,0.2,2.1,362044
Riverside,4,3,2348,1969.0,55,Single Family,2,0,0,1,6314.0,0.1,3.2,0.3,389194
Industrial,3,3,1841,2023.0,1,Single Family,1,0,1,1,6360.0,3.8,2.7,2.9,201037
Hillside,1,1,1095,1978.0,46,Single Family,2,1,1,1,5075.0,0.3,1.8,3.4,177148
Industrial,3,4,1827,2001.0,23,Condo,2,0,1,1,6922.0,0.3,0.9,3.0,256809
Hillside,5,6,2589,1995.0,29,Townhouse,1,1,1,0,7373.0,2.8,4.9,4.8,486271
Industrial,3,3,1879,1983.0,41,Single Family,1,0,0,1,,3.1,4.1,3.9,213132
Uptown,4,5,1826,2010.0,14,Single Family,2,0,1,1,7229.0,0.1,1.1,1.7,432413
Riverside,4,5,2139,2021.0,3,Single Family,2,1,0,1,,3.6,0.5,5.1,412346
Downtown,2,2,1283,2020.0,4,Townhouse,0,1,0,0,9157.0,0.5,0.6,3.5,326955
Hillside,2,3,1315,2019.0,5,Townhouse,1,0,0,1,6783.0,1.4,0.5,0.4,261690
Hillside,3,3,1607,1960.0,64,Condo,2,0,1,1,6780.0,0.1,1.6,2.3,277501
Downtown,3,3,1804,2012.0,12,Single Family,3,1,1,1,3835.0,0.7,4.1,3.9,442368
Industrial,4,3,1936,1970.0,54,Duplex,0,0,0,0,12653.0,0.9,3.0,2.4,257998
Hillside,5,5,2393,1952.0,72,Duplex,2,0,1,1,12795.0,1.4,3.2,8.9,480796
University,3,3,1569,1959.0,65,Condo,0,0,1,0,2994.0,1.1,1.2,0.3,184531
Uptown,2,3,1472,1976.0,48,Single Family,1,0,0,1,7293.0,0.9,0.8,3.8,275882
Riverside,4,3,2097,1961.0,63,Single Family,1,0,1,1,10783.0,4.8,2.8,5.2,324655
Downtown,2,2,1207,1956.0,68,Single Family,2,1,0,1,6924.0,0.3,3.2,3.6,249992
Riverside,4,4,2025,1966.0,58,Single Family,0,0,0,1,6181.0,0.3,2.4,1.5,332751
University,3,4,1700,2014.0,10,Single Family,2,1,1,1,5986.0,1.9,0.1,1.5,316809
Hillside,3,4,2024,2013.0,11,Townhouse,1,0,0,1,8938.0,0.1,1.8,2.6,405899
Hillside,1,2,652,1975.0,49,Townhouse,3,0,0,0,15846.0,1.0,0.9,1.5,163925
University,3,4,1835,1964.0,60,Condo,2,0,1,1,10483.0,1.0,0.4,6.4,254595
Downtown,3,4,1794,1982.0,42,Single Family,2,0,1,1,4674.0,0.6,2.4,0.3,399034
Uptown,3,3,1523,,13,Single Family,2,0,1,0,6113.0,4.0,0.6,3.1,316221
Suburban,2,3,1593,1996.0,28,Townhouse,2,0,0,1,7196.0,0.5,4.9,0.4,293742
Downtown,4,5,2207,1984.0,40,Single Family,2,0,0,0,5422.0,0.5,0.7,2.3,439028
Suburban,4,6,1998,2014.0,10,Single Family,1,0,1,0,4862.0,0.4,1.6,3.8,390280
University,2,3,928,2021.0,3,Duplex,0,0,0,1,10249.0,0.2,3.5,0.5,144929
Industrial,1,1,945,1974.0,50,Townhouse,2,1,0,1,6491.0,0.7,1.0,3.7,115952
Suburban,1,1,891,2006.0,18,Single Family,1,1,0,1,9115.0,1.7,3.5,0.5,168087
Uptown,3,3,1493,1981.0,43,Condo,1,0,1,1,13347.0,2.0,2.6,2.9,342511
Industrial,3,4,1491,2012.0,12,Townhouse,2,0,0,1,6426.0,2.5,5.1,2.1,229361
Suburban,3,3,1873,1961.0,63,Townhouse,1,0,0,0,8823.0,0.3,0.8,1.1,314929
University,2,2,908,2012.0,12,Condo,2,1,0,0,4929.0,0.1,0.2,0.4,170741
Industrial,3,4,1762,1950.0,74,Single Family,0,0,0,1,9246.0,5.5,1.1,4.0,175019
University,3,3,1662,2000.0,24,Townhouse,3,0,0,1,11900.0,0.0,3.1,1.4,301518
Suburban,3,4,1799,2019.0,5,Single Family,3,1,0,1,11745.0,4.9,1.2,0.3,371658
University,6,6,2841,1957.0,67,Single Family,3,1,0,1,8126.0,2.6,0.6,4.4,421487
Uptown,2,2,1358,2017.0,7,Condo,1,0,0,0,6443.0,3.6,0.1,0.8,266252
Suburban,3,3,1551,1954.0,70,Single Family,2,0,0,1,8710.0,0.7,0.8,4.0,221752
Suburban,3,4,1690,1988.0,36,Townhouse,3,0,0,1,8153.0,0.3,2.5,2.5,262698
Suburban,3,3,1797,1972.0,52,Condo,3,0,0,1,9383.0,1.4,0.3,0.6,325330
Downtown,4,4,2130,2017.0,7,Condo,2,0,0,0,6096.0,2.0,0.8,0.2,497182
Downtown,3,5,1776,2001.0,23,Condo,1,0,0,1,6799.0,0.2,0.0,2.7,379224
Downtown,6,6,2714,,71,Single Family,2,0,0,0,7345.0,2.4,2.6,0.1,588837
Uptown,2,3,1181,1996.0,28,Single Family,2,0,1,1,9999.0,0.4,4.3,0.2,282640
Industrial,2,3,1185,1970.0,54,Single Family,1,0,0,0,10397.0,1.0,1.7,3.6,145072
University,4,4,2044,2005.0,19,Single Family,2,1,1,1,6705.0,2.9,0.1,2.3,359255
Hillside,3,4,1971,2015.0,9,Single Family,2,0,0,1,4547.0,0.3,0.5,1.2,381751
Suburban,2,2,1229,2008.0,16,Single Family,2,1,0,1,9087.0,0.4,1.2,2.3,230724
University,1,2,671,1956.0,68,Townhouse,1,1,1,1,10195.0,0.1,1.8,2.7,106443
Suburban,1,1,1008,1998.0,26,Duplex,2,0,0,0,7597.0,0.2,1.4,2.5,158526
Uptown,4,5,2369,1965.0,59,Townhouse,3,0,0,1,5859.0,0.2,5.0,3.1,417792
Suburban,2,2,1047,1966.0,58,Townhouse,2,0,1,1,6566.0,0.3,5.6,8.5,159000
Downtown,2,3,1694,1983.0,41,Single Family,2,0,0,1,12918.0,0.5,0.2,1.5,406774
Hillside,2,2,1383,1982.0,42,Single Family,2,1,0,1,8665.0,2.5,0.3,1.1,274708
Riverside,3,3,1906,1975.0,49,Single Family,2,0,0,1,11040.0,3.7,0.9,0.1,292011
Suburban,1,1,1193,2015.0,9,Townhouse,2,0,1,1,5590.0,0.8,1.1,0.5,199776
University,3,3,1894,2012.0,12,Single Family,1,0,1,1,11630.0,0.2,1.8,0.3,302901
Downtown,1,2,877,,34,Townhouse,1,0,0,1,10684.0,0.4,3.0,1.2,202773
Riverside,4,4,2343,2007.0,17,Single Family,1,0,0,0,7692.0,2.0,0.3,2.8,425629
Hillside,2,4,1350,1959.0,65,Single Family,0,0,1,0,9826.0,1.7,3.2,0.1,219599
Riverside,3,5,1918,1964.0,60,Single Family,1,0,0,0,11881.0,5.1,1.9,3.9,301129
Downtown,4,5,2339,1991.0,33,Single Family,0,0,0,0,4675.0,0.0,7.9,1.5,465205
Industrial,3,3,1481,2006.0,18,Single Family,2,1,1,1,6422.0,2.1,2.1,9.9,211309
Industrial,3,3,1858,1966.0,58,Townhouse,1,0,0,0,9572.0,1.1,2.5,2.5,253602
Riverside,2,3,1263,2009.0,15,Townhouse,0,0,1,0,8060.0,3.5,0.4,4.4,251893
Uptown,2,2,1327,1958.0,66,Single Family,0,0,1,1,9233.0,1.3,2.9,5.9,207767
University,3,2,1725,1985.0,39,Condo,2,0,1,1,10064.0,0.9,0.2,6.6,253022
University,6,6,2917,2022.0,2,Single Family,0,0,0,1,9495.0,1.6,2.1,2.2,470234
Riverside,3,4,2004,1985.0,39,Duplex,1,0,0,1,7241.0,2.7,0.1,1.5,349299
Suburban,3,4,1426,1997.0,27,Single Family,0,0,0,0,7448.0,0.5,0.2,2.5,266237
Suburban,4,4,1755,2000.0,24,Townhouse,2,0,0,0,12666.0,0.2,0.2,1.5,372317
University,3,4,1313,2019.0,5,Single Family,3,0,0,1,8258.0,0.9,0.1,0.8,256749
University,1,1,1113,2023.0,1,Single Family,3,0,0,1,12065.0,0.4,0.8,1.2,217590
Industrial,3,3,1545,2017.0,7,Single Family,1,0,0,1,12274.0,0.8,10.4,0.8,239517
Uptown,5,6,2526,1971.0,53,Single Family,2,0,0,1,5657.0,7.1,0.9,0.9,477785
Downtown,2,2,1277,1955.0,69,Single Family,2,0,0,0,10206.0,1.3,2.9,0.3,234640
Suburban,3,3,1522,1975.0,49,Single Family,1,0,0,1,4759.0,1.8,0.3,1.7,231706
University,2,1,1470,1952.0,72,Duplex,1,0,0,0,12851.0,1.7,1.2,0.8,169098
Industrial,3,4,1674,2001.0,23,Condo,0,0,0,1,8565.0,2.6,0.4,1.8,209139
Hillside,1,2,852,2023.0,1,Townhouse,2,1,1,1,8420.0,4.3,0.4,4.7,266023
Industrial,3,4,1746,2009.0,15,Townhouse,1,0,1,1,5404.0,1.6,0.2,1.8,250501
Suburban,4,5,2244,2012.0,12,Duplex,1,0,0,1,6179.0,1.0,1.1,9.3,389190
Suburban,2,2,1108,2014.0,10,Single Family,1,0,0,1,8678.0,0.6,0.2,0.5,215504
Industrial,3,3,1874,2001.0,23,Single Family,2,0,0,1,8272.0,0.7,4.8,5.7,254425
Downtown,4,4,2389,1963.0,61,Condo,2,0,0,1,6844.0,0.6,1.2,0.9,468307
Riverside,5,4,2214,2021.0,3,Townhouse,2,0,0,1,10635.0,0.6,3.6,8.2,434086
Suburban,2,2,1355,2017.0,7,Single Family,2,0,1,1,7992.0,1.8,7.8,0.8,232214
Industrial,3,5,1639,1977.0,47,Single Family,2,0,0,1,4968.0,1.3,2.3,4.1,218928
University,2,1,1439,2020.0,4,Single Family,0,0,1,1,10161.0,0.3,4.6,0.2,221085
Industrial,6,6,2656,1959.0,65,Condo,1,0,0,0,4522.0,5.2,0.3,3.0,279522
Uptown,5,5,2825,2006.0,18,Single Family,3,0,0,1,2229.0,0.8,3.5,0.7,544366
Riverside,3,3,1378,2015.0,9,Duplex,3,0,0,1,8288.0,1.3,0.6,3.3,272516
Hillside,4,6,2051,1999.0,25,Condo,2,0,1,1,4907.0,1.8,1.3,3.0,415938
Downtown,3,3,1786,1963.0,61,Townhouse,1,0,0,1,8534.0,1.4,2.1,7.7,365035
Hillside,3,3,1562,1965.0,59,Single Family,0,0,0,0,10449.0,0.6,4.7,3.0,247715
Riverside,1,2,731,2003.0,21,Single Family,1,0,1,0,10953.0,2.4,4.8,1.6,176551
Riverside,4,4,2144,1992.0,32,Single Family,2,0,0,1,9492.0,0.2,0.2,0.6,450453
Riverside,2,2,1315,1991.0,33,Single Family,2,0,0,0,4021.0,1.3,0.9,3.2,237640
Hillside,4,4,2101,1971.0,53,Townhouse,2,0,0,0,,0.5,3.2,0.4,367198
University,4,5,2271,2017.0,7,Single Family,2,0,0,0,8016.0,1.4,2.4,5.3,341283
Riverside,4,6,2021,1968.0,56,Single Family,0,0,0,0,8045.0,0.4,0.1,0.9,369651
Industrial,1,2,963,2015.0,9,Single Family,0,0,0,1,5174.0,2.2,1.2,2.2,127243
Hillside,2,2,1198,1988.0,36,Condo,0,0,0,1,6612.0,0.4,3.5,2.7,228074
Riverside,2,3,1130,2022.0,2,Single Family,2,0,0,1,10431.0,3.3,2.7,1.4,264601
Industrial,3,3,1643,1968.0,56,Condo,1,1,1,1,9511.0,3.0,1.1,3.3,234334
University,1,1,800,,59,Single Family,2,0,1,0,7074.0,0.7,2.7,0.9,75650
Uptown,5,5,2410,2003.0,21,Single Family,2,0,0,0,11088.0,0.7,1.6,0.1,547657
University,3,3,1933,1974.0,50,Single Family,1,0,0,1,4020.0,1.8,4.9,9.6,202640
Riverside,2,3,1249,1967.0,57,Single Family,0,0,0,1,10466.0,0.1,1.8,1.2,206958
Hillside,3,4,1567,1972.0,52,Townhouse,0,0,0,0,10053.0,0.1,1.0,3.7,308640
Suburban,3,5,1705,1960.0,64,Single Family,2,0,0,1,10240.0,0.2,4.0,2.1,306885
Riverside,3,4,1720,1988.0,36,Single Family,1,1,0,1,8889.0,1.2,0.1,3.3,365965
Suburban,3,4,1462,2017.0,7,Townhouse,1,0,1,1,6040.0,0.2,4.6,0.4,282682
Industrial,5,4,2440,1974.0,50,Townhouse,2,0,0,0,9775.0,0.5,2.4,2.2,318051
Uptown,3,2,1632,2012.0,12,Townhouse,2,0,1,1,6753.0,1.6,5.6,1.5,326296
Downtown,6,6,2865,1979.0,45,Single Family,2,0,0,0,8615.0,0.0,0.6,1.8,626421
University,4,4,2245,1994.0,30,Single Family,2,0,0,1,5816.0,0.3,2.4,10.2,283810
Uptown,2,3,1327,2010.0,14,Duplex,2,0,0,1,6965.0,4.0,3.3,0.4,313023
Riverside,5,5,2745,2000.0,24,Condo,2,0,0,1,7570.0,1.6,2.4,4.2,550937
Suburban,2,1,1297,1958.0,66,Duplex,1,0,0,0,9199.0,0.5,0.5,1.2,135990
University,4,4,2455,1951.0,73,Single Family,1,1,0,0,9701.0,0.1,0.6,1.0,321683
Suburban,3,3,1607,1954.0,70,Townhouse,2,0,1,1,13087.0,1.3,1.7,0.9,299260
Hillside,4,3,1946,2011.0,13,Townhouse,2,0,0,1,8444.0,0.4,1.2,1.3,395517
Suburban,4,5,2209,2018.0,6,Single Family,2,0,0,1,5156.0,4.8,2.7,1.3,406418
Hillside,4,4,2372,2001.0,23,Condo,2,1,1,1,10399.0,1.7,1.0,0.9,528681
Industrial,4,5,1824,1954.0,70,Townhouse,3,0,1,0,9012.0,5.5,3.9,3.3,219536
University,2,2,1260,2008.0,16,Single Family,1,0,1,1,7428.0,2.8,1.1,0.1,220687
University,1,1,777,2017.0,7,Single Family,0,1,0,0,6798.0,1.0,0.1,1.2,146330
Downtown,3,3,1728,1958.0,66,Condo,1,0,0,0,6145.0,1.7,0.0,1.0,312790
Riverside,2,3,1302,1971.0,53,Single Family,2,0,0,1,6045.0,2.5,2.1,4.2,217422
Hillside,3,3,1969,1976.0,48,Single Family,1,0,0,1,4338.0,1.3,1.6,0.5,340686
Downtown,2,3,1278,1959.0,65,Single Family,0,0,0,1,10896.0,0.1,1.6,8.5,270548
Suburban,5,5,2774,2010.0,14,Single Family,0,1,0,1,9304.0,1.0,3.1,0.6,547836
Suburban,3,4,1636,2000.0,24,Condo,1,0,1,1,8279.0,0.2,0.9,1.4,312107
Downtown,4,4,2285,1959.0,65,Single Family,0,0,1,0,6137.0,1.9,10.8,0.7,439825
University,2,3,1345,1955.0,69,Single Family,0,1,0,1,11268.0,1.7,5.8,1.0,216976
Suburban,4,5,2445,2011.0,13,Condo,2,0,0,1,3738.0,7.4,0.0,4.3,401174
Industrial,5,6,2204,1954.0,70,Single Family,0,0,0,1,7607.0,1.5,4.5,1.9,262417
Industrial,3,3,1467,2019.0,5,Single Family,0,0,0,1,10946.0,2.4,2.3,0.5,249411
Downtown,3,2,2066,2012.0,12,Townhouse,2,0,0,1,2022.0,0.5,1.4,0.1,423217
Hillside,4,3,1953,2005.0,19,Single Family,2,0,1,1,8528.0,0.6,1.7,0.8,387825
Hillside,2,3,1166,2008.0,16,Single Family,1,1,0,1,6019.0,3.7,3.7,8.7,272428
Downtown,3,4,1524,2012.0,12,Townhouse,0,0,0,1,8363.0,2.1,6.0,5.6,326580
Hillside,3,4,1929,2008.0,16,Condo,2,0,0,0,6876.0,1.6,1.6,1.7,390520
University,2,2,1049,2000.0,24,Townhouse,1,0,1,1,9781.0,0.4,0.4,2.0,178172
University,3,3,1704,1999.0,25,Duplex,0,0,1,0,11697.0,1.8,2.0,6.9,270364
Hillside,1,1,846,1953.0,71,Townhouse,0,0,1,0,15539.0,3.3,0.2,2.7,119410
Industrial,1,3,1107,,27,Townhouse,0,0,0,0,7659.0,0.4,2.0,6.4,120435
Hillside,2,3,1187,,43,Condo,2,1,0,0,10213.0,1.8,3.3,2.0,250805
University,5,6,2583,2000.0,24,Single Family,2,0,0,1,9026.0,0.8,0.9,0.7,414470
Uptown,3,3,1465,2001.0,23,Single Family,2,0,0,1,9248.0,0.2,0.1,3.9,323005
Riverside,5,6,2954,2023.0,1,Townhouse,2,0,1,0,12427.0,2.2,2.4,2.2,605790
Suburban,3,4,1652,1983.0,41,Single Family,1,0,0,0,5947.0,0.3,0.8,3.3,272721
Uptown,2,2,1301,1985.0,39,Single Family,2,0,0,1,6925.0,0.4,0.6,0.5,243392
Hillside,3,4,2030,2019.0,5,Single Family,1,0,0,0,7473.0,2.3,2.3,3.1,397763
Industrial,3,5,1582,1992.0,32,Single Family,1,0,0,1,5045.0,2.0,7.0,1.4,211567
Downtown,2,3,1633,1965.0,59,Single Family,2,1,0,0,7995.0,0.4,2.7,1.2,292823
Hillside,3,4,1617,2008.0,16,Condo,2,0,0,0,9973.0,4.2,1.4,3.3,352207
Industrial,2,2,1434,2002.0,22,Condo,1,0,0,1,10485.0,0.4,1.8,2.7,186517
Riverside,3,3,1585,1968.0,56,Townhouse,2,0,0,1,7448.0,7.6,0.3,3.1,201205
Hillside,3,5,1428,1990.0,34,Condo,1,0,1,1,11426.0,2.0,3.4,10.1,311454
University,2,1,1382,1996.0,28,Single Family,1,0,0,0,,0.7,1.9,3.6,142025
Downtown,1,2,1027,2003.0,21,Single Family,0,0,0,1,14976.0,0.2,6.8,3.1,250464
Industrial,4,5,1836,,20,Single Family,2,0,0,1,9701.0,0.6,7.8,2.9,280263
Industrial,3,4,1638,1968.0,56,Townhouse,2,0,1,0,6708.0,0.3,0.9,1.5,228043
Industrial,1,3,1140,2011.0,13,Single Family,2,0,1,0,9386.0,1.5,8.9,5.5,180240
Riverside,6,6,3020,2008.0,16,Single Family,0,0,0,0,7541.0,0.7,6.3,1.4,585334
Hillside,1,1,820,2014.0,10,Townhouse,0,0,0,1,2000.0,0.5,2.0,3.6,115357
Riverside,3,2,1580,2017.0,7,Single Family,2,1,1,0,8140.0,2.1,0.8,1.0,375197
Suburban,6,6,3289,1977.0,47,Duplex,1,0,1,1,10734.0,0.4,2.8,0.5,525625
Suburban,2,2,1010,1967.0,57,Townhouse,1,0,0,0,10891.0,1.3,0.6,0.4,185154
Hillside,2,2,1288,1975.0,49,Single Family,3,0,0,0,8755.0,0.3,2.0,3.0,245337
University,2,3,1007,,56,Single Family,2,1,0,0,10873.0,1.9,0.0,1.2,183860
Riverside,2,4,1562,2004.0,20,Townhouse,1,0,1,1,9306.0,1.5,2.0,1.0,296299
Downtown,2,2,1298,2006.0,18,Single Family,0,0,0,0,8667.0,2.4,6.1,2.7,297169
Industrial,3,3,1735,1955.0,69,Single Family,0,0,0,1,5933.0,0.1,0.5,0.1,172669
Industrial,1,3,1453,1950.0,74,Single Family,2,0,0,1,6958.0,0.4,3.0,0.8,142935
Hillside,3,2,1581,1957.0,67,Condo,2,0,0,1,7230.0,0.3,0.7,1.2,268066
University,6,5,3249,2000.0,24,Single Family,2,0,1,1,8856.0,0.3,2.5,3.7,463317
Suburban,4,4,2021,1974.0,50,Condo,1,0,1,1,10409.0,0.2,2.4,2.4,349877
Suburban,3,4,1653,1996.0,28,Condo,0,0,0,1,6156.0,1.2,0.4,5.8,250886
Industrial,2,2,1827,2004.0,20,Single Family,3,0,1,1,3824.0,1.4,1.8,1.2,253796
Hillside,3,5,1667,2013.0,11,Townhouse,3,0,0,0,12319.0,2.8,3.9,1.1,440065
Riverside,3,3,1425,1959.0,65,Single Family,2,0,1,0,5094.0,0.8,1.0,0.1,221177
Suburban,3,4,1756,2005.0,19,Single Family,0,0,1,1,9470.0,1.1,2.5,9.1,303742
Riverside,2,2,1265,,63,Townhouse,2,1,1,1,8759.0,7.1,2.2,2.1,224652
University,4,4,2173,1982.0,42,Townhouse,2,0,1,1,6966.0,1.1,0.6,2.1,283818
Suburban,3,4,1673,2020.0,4,Single Family,2,0,0,0,,1.3,5.0,7.7,344158
Suburban,2,3,1743,1966.0,58,Condo,2,0,1,1,4377.0,8.3,1.7,1.0,214573
Uptown,3,4,1811,,14,Townhouse,0,0,0,1,12892.0,7.7,0.9,1.2,385653
Suburban,3,4,1485,1959.0,65,Condo,0,0,0,1,15904.0,0.8,0.4,3.2,282108
Downtown,4,6,2124,1980.0,44,Single Family,0,0,0,1,11692.0,1.5,1.3,4.6,487027
Hillside,4,5,1940,2009.0,15,Condo,3,1,0,1,,1.0,2.6,3.6,440738
Hillside,4,5,2050,2019.0,5,Single Family,2,0,1,0,2000.0,1.9,2.0,4.7,426908
Riverside,1,1,717,1966.0,58,Single Family,2,0,0,1,9432.0,4.2,2.6,2.6,101716
University,3,2,2121,1999.0,25,Townhouse,0,1,1,1,4119.0,0.6,3.1,6.0,277831
Suburban,3,3,1561,1986.0,38,Townhouse,3,1,1,1,6760.0,2.6,1.2,2.4,317188
Downtown,1,2,1037,2011.0,13,Single Family,2,0,1,1,12568.0,1.6,1.5,0.8,276548
Riverside,2,2,1235,2021.0,3,Single Family,1,0,0,1,12871.0,0.5,8.6,2.3,260478
Uptown,4,4,1868,1978.0,46,Single Family,2,0,0,0,13194.0,2.4,6.9,3.7,395270
Riverside,2,3,1339,1981.0,43,Townhouse,1,0,0,0,8295.0,0.8,1.1,3.2,206017
Riverside,3,4,1780,1960.0,64,Single Family,1,0,0,1,10689.0,0.2,2.3,0.8,317799
Suburban,2,4,1411,1955.0,69,Single Family,1,0,1,1,2025.0,7.5,0.6,0.1,185420
Uptown,1,1,500,1984.0,40,Single Family,3,1,1,0,3502.0,0.8,0.3,0.9,157779
Riverside,2,3,1053,1982.0,42,Duplex,3,0,0,1,7135.0,1.2,2.9,12.4,206467
Downtown,5,5,2691,1967.0,57,Townhouse,1,0,1,1,10523.0,2.5,1.1,0.6,598126
Downtown,4,4,1915,1986.0,38,Townhouse,2,0,0,0,6720.0,4.9,0.4,1.9,395592
Hillside,5,5,2540,1962.0,62,Condo,2,0,0,0,10407.0,3.1,2.8,3.1,481295
Uptown,3,3,1448,2023.0,1,Single Family,2,0,0,0,4539.0,1.1,4.9,6.3,305957
Uptown,2,2,1446,2013.0,11,Single Family,1,0,0,1,8306.0,1.2,5.4,4.3,316585
Hillside,3,4,1886,1950.0,74,Single Family,2,0,1,1,9649.0,0.5,1.8,7.2,335399
Riverside,3,3,1846,2012.0,12,Townhouse,2,0,1,1,10272.0,0.9,1.3,2.8,401528
Uptown,4,5,2306,1983.0,41,Single Family,0,0,1,1,,4.4,0.3,6.0,441728
Downtown,1,2,1212,1959.0,65,Single Family,1,0,0,1,8085.0,1.9,3.1,0.9,182020
Downtown,3,3,1465,1956.0,68,Single Family,2,0,0,1,3377.0,0.0,5.8,1.7,258713
Suburban,2,2,1142,2005.0,19,Single Family,1,0,0,1,7684.0,0.2,4.4,5.6,190908
Uptown,2,2,1479,1986.0,38,Single Family,3,0,1,1,11245.0,3.9,2.8,1.2,331249
Riverside,4,5,2326,1978.0,46,Duplex,0,0,0,0,7211.0,2.8,0.0,6.1,364304
Hillside,3,3,1565,1961.0,63,Townhouse,3,0,0,1,5756.0,1.0,1.0,1.4,238976
Hillside,3,3,1551,1966.0,58,Condo,1,0,1,1,10344.0,1.4,1.1,1.4,304921
Riverside,3,3,1569,1997.0,27,Duplex,0,0,1,0,14855.0,0.5,4.5,1.1,325704
University,3,4,1378,1975.0,49,Single Family,1,0,1,1,14519.0,2.4,0.1,2.4,222914
Industrial,4,6,1845,1961.0,63,Single Family,2,1,1,1,8784.0,1.4,1.5,0.4,278346
Suburban,4,4,1850,1970.0,54,Townhouse,2,0,0,1,10311.0,1.8,0.3,0.1,325842
Hillside,5,6,2441,1991.0,33,Condo,1,0,0,1,12915.0,0.7,2.2,6.8,537402
Uptown,4,5,2154,2010.0,14,Single Family,0,0,0,0,8723.0,0.8,3.1,7.9,411907
Suburban,2,4,1386,2007.0,17,Duplex,2,0,0,1,9383.0,0.3,2.1,0.2,271550
Uptown,3,4,1598,2003.0,21,Single Family,1,0,0,1,7031.0,4.4,3.2,2.4,362289
University,3,4,1603,1983.0,41,Single Family,2,1,0,1,15103.0,4.4,1.9,2.3,322117
Downtown,2,3,1324,1956.0,68,Townhouse,0,1,1,1,10156.0,2.6,0.4,1.4,295705
Suburban,4,5,1800,1984.0,40,Single Family,2,0,0,1,7198.0,4.1,1.0,2.5,298379
Hillside,1,1,1091,1964.0,60,Single Family,2,1,0,0,6273.0,1.6,6.3,1.8,159599
Suburban,5,5,2757,2014.0,10,Single Family,3,0,1,1,2428.0,0.4,0.7,2.0,451702
Suburban,3,2,1574,1974.0,50,Single Family,2,0,0,1,3258.0,2.1,0.1,4.2,211432
Suburban,3,4,1620,2008.0,16,Townhouse,1,0,1,1,5821.0,0.6,1.0,2.2,298117
Industrial,3,4,1948,1955.0,69,Condo,0,0,1,1,10784.0,0.9,0.9,1.2,250744
Suburban,4,4,2075,2001.0,23,Condo,2,0,1,1,8978.0,0.5,1.3,2.6,396360
Uptown,3,4,1817,1970.0,54,Townhouse,2,0,0,1,4235.0,0.8,1.6,3.1,321608
Downtown,3,3,1681,2020.0,4,Single Family,2,0,1,0,5220.0,1.7,9.8,3.3,372469
University,1,1,1211,1981.0,43,Single Family,2,0,0,1,8844.0,0.2,2.8,2.9,174551
Riverside,3,5,1798,2002.0,22,Single Family,2,0,1,1,13020.0,0.2,0.1,3.3,392759
Suburban,2,2,1409,2008.0,16,Single Family,1,0,0,0,4694.0,1.7,2.5,1.1,230240
Hillside,4,3,2213,2018.0,6,Single Family,1,0,0,0,9376.0,2.3,3.5,1.8,406186
Suburban,3,4,1588,2011.0,13,Condo,1,0,1,1,6663.0,1.2,4.5,3.3,299255
Hillside,3,4,1607,1953.0,71,Condo,0,0,0,1,6750.0,0.3,1.1,4.2,308172
Uptown,1,1,1053,1967.0,57,Single Family,2,1,1,0,4479.0,0.8,0.8,1.7,165027
Hillside,1,2,925,2005.0,19,Townhouse,1,0,0,0,9879.0,2.1,3.7,1.4,217600
Riverside,4,5,1864,1973.0,51,Single Family,1,1,1,0,,1.7,3.0,3.8,376605
Downtown,1,1,1274,,9,Townhouse,0,0,1,0,6945.0,0.2,1.5,0.8,285629
Hillside,1,1,1095,1962.0,62,Townhouse,0,0,0,1,10952.0,5.2,0.3,0.0,172191
Hillside,1,2,907,,13,Single Family,0,1,0,1,11109.0,0.4,2.1,1.9,224269
Downtown,5,5,2445,,21,Single Family,2,0,1,1,5810.0,0.4,0.1,0.6,543252
Riverside,4,6,2139,1964.0,60,Condo,1,0,1,1,8890.0,0.9,0.2,1.4,408712
Suburban,3,4,1803,2018.0,6,Townhouse,2,0,0,1,10718.0,0.6,0.8,1.0,349069
Hillside,2,4,893,1952.0,72,Condo,2,0,1,1,7449.0,6.2,0.9,4.5,128208
Downtown,2,2,1722,1986.0,38,Condo,3,0,0,1,10011.0,0.1,1.2,1.2,356980
Uptown,4,6,1942,1986.0,38,Duplex,0,0,0,1,7044.0,0.5,0.8,3.1,384458
Downtown,3,3,1699,1952.0,72,Single Family,1,1,0,1,6961.0,0.7,0.1,3.4,384576
Uptown,2,2,1306,2012.0,12,Single Family,1,0,1,1,5203.0,1.0,0.3,1.8,292943
Riverside,2,1,1699,1984.0,40,Single Family,1,0,1,1,13135.0,0.0,0.2,0.3,293734
Suburban,1,1,882,2001.0,23,Single Family,3,1,0,0,6546.0,0.1,1.1,3.6,182340
Downtown,3,4,2017,1977.0,47,Single Family,2,0,0,0,5596.0,0.4,0.5,0.2,377326
University,4,4,2181,1967.0,57,Townhouse,2,0,1,1,4863.0,1.2,0.7,0.3,267934
University,2,2,1107,1985.0,39,Single Family,1,0,0,1,8253.0,2.2,1.3,0.7,148250
Industrial,1,2,926,1982.0,42,Single Family,2,0,1,1,4949.0,1.7,0.5,1.0,107997
Hillside,1,1,876,2013.0,11,Condo,0,0,0,1,5862.0,1.3,0.6,5.6,171279
Riverside,5,6,2283,1975.0,49,Single Family,2,0,0,0,10396.0,0.8,3.6,3.4,455519
Downtown,2,2,1371,1997.0,27,Single Family,2,0,0,1,9346.0,3.1,1.6,1.5,297815
University,4,5,2104,1989.0,35,Townhouse,1,1,1,1,3964.0,0.9,3.9,11.5,333663
Hillside,3,4,1811,1966.0,58,Townhouse,1,0,1,0,10174.0,0.5,1.4,0.8,307939
University,3,3,1738,1989.0,35,Single Family,2,0,0,1,,1.5,4.8,2.8,280679
Downtown,2,2,1169,1956.0,68,Single Family,0,0,0,1,11411.0,1.8,0.6,5.6,191068
Uptown,2,2,1453,2006.0,18,Townhouse,0,0,0,1,12253.0,0.8,1.9,4.9,301491
Downtown,3,4,1575,1957.0,67,Single Family,1,0,1,1,3173.0,0.0,1.4,0.3,285425
Industrial,4,4,1480,2005.0,19,Single Family,1,0,1,1,10293.0,0.1,5.0,3.6,213239
Downtown,3,3,1725,1980.0,44,Townhouse,2,0,1,1,12904.0,2.8,1.1,0.9,410528
Downtown,3,2,1589,2008.0,16,Single Family,2,1,1,1,8628.0,0.1,3.9,1.3,449707
Industrial,1,1,976,2007.0,17,Single Family,2,0,1,1,10064.0,1.3,1.7,2.0,111505
Riverside,5,5,2899,1961.0,63,Single Family,1,0,0,1,8674.0,0.3,2.5,4.7,442193
Downtown,4,5,2505,1997.0,27,Duplex,2,0,0,1,10938.0,0.4,4.4,0.5,548348
Industrial,2,2,1266,,44,Duplex,2,0,1,1,9150.0,0.5,11.6,0.3,148536
Hillside,5,5,2334,2012.0,12,Single Family,1,0,0,1,2000.0,0.1,2.6,0.5,472946
Uptown,3,4,1816,2023.0,1,Single Family,1,0,0,1,7636.0,0.3,0.8,0.7,397793
Uptown,3,4,1625,1988.0,36,Single Family,2,1,0,1,7442.0,1.6,0.7,0.2,332649
Downtown,4,4,2178,1969.0,55,Single Family,0,0,0,1,10141.0,1.0,0.7,7.8,473534
Riverside,4,4,1967,1997.0,27,Single Family,1,0,0,1,11530.0,2.4,0.2,1.2,378517
Riverside,3,3,1750,2020.0,4,Townhouse,0,0,0,0,7316.0,0.1,0.1,0.6,354260
Hillside,2,4,1137,2003.0,21,Single Family,0,1,0,1,4325.0,3.3,1.7,3.0,224247
Downtown,2,2,1536,2020.0,4,Single Family,0,0,0,1,8918.0,8.4,3.3,4.6,318401
Uptown,5,6,2382,1978.0,46,Single Family,1,0,0,1,5672.0,0.0,0.1,4.2,484138
Riverside,2,3,1432,2023.0,1,Single Family,2,0,1,1,6181.0,5.1,1.7,3.8,266908
Downtown,3,4,1447,2022.0,2,Single Family,1,0,0,1,15146.0,0.4,0.9,0.2,439952
University,3,2,1856,1997.0,27,Single Family,2,0,1,1,5966.0,1.8,4.5,4.6,252623
Riverside,3,3,1506,2023.0,1,Townhouse,1,0,1,1,3305.0,0.5,0.3,2.1,298160
Industrial,3,3,1752,2005.0,19,Townhouse,3,0,1,0,9810.0,1.1,1.7,3.1,286226
University,5,5,2704,1966.0,58,Single Family,3,0,1,0,10121.0,1.1,7.1,9.4,389912
Riverside,2,3,1260,1958.0,66,Single Family,2,0,0,1,10635.0,0.7,0.8,5.0,229184
Uptown,2,4,1094,1983.0,41,Single Family,3,0,0,0,10519.0,1.9,2.7,5.2,262240
Suburban,2,3,1399,1994.0,30,Single Family,2,0,1,1,8436.0,1.4,4.3,0.6,255293
University,4,5,1931,1958.0,66,Townhouse,2,1,0,1,8468.0,1.1,0.4,1.9,314428
Hillside,3,2,1619,1956.0,68,Single Family,1,0,0,1,10818.0,6.1,9.8,8.9,267058
Hillside,2,2,1353,1965.0,59,Townhouse,1,0,0,1,12825.0,4.2,3.3,2.6,216348
Uptown,4,4,2372,1968.0,56,Townhouse,2,0,1,1,4217.0,4.7,0.3,0.3,425717
Riverside,4,5,2105,1955.0,69,Condo,1,0,0,1,6175.0,3.2,0.7,3.9,335699
Downtown,4,6,2104,1960.0,64,Duplex,2,0,0,1,9883.0,0.4,2.0,0.1,466604
Riverside,5,6,2647,2010.0,14,Single Family,2,0,1,0,8764.0,0.6,4.3,4.1,508683
Uptown,2,1,1310,1991.0,33,Duplex,1,0,1,1,2628.0,0.4,0.4,6.4,191150
Hillside,4,4,2227,1962.0,62,Townhouse,2,0,0,1,6280.0,6.4,2.6,1.7,385005
Riverside,3,4,1915,1961.0,63,Townhouse,0,0,1,0,8908.0,0.2,0.6,1.6,370619
Hillside,4,4,2034,2023.0,1,Single Family,1,0,0,1,8037.0,0.7,3.3,1.1,454889
University,4,5,1444,1969.0,55,Condo,2,1,1,1,6923.0,0.3,2.3,6.3,276265
Downtown,4,5,1936,1999.0,25,Single Family,1,0,0,1,15032.0,0.4,1.5,2.4,508846
University,3,4,1941,1985.0,39,Condo,2,0,0,0,7925.0,0.4,2.1,2.6,277320
Hillside,2,2,1293,2018.0,6,Single Family,2,0,1,1,8693.0,1.5,4.2,3.3,282748
Hillside,3,3,1632,1986.0,38,Townhouse,1,0,0,1,8398.0,0.1,1.0,1.1,315111
Suburban,6,6,3133,1961.0,63,Single Family,2,0,0,1,8635.0,1.3,2.9,1.7,484786
Suburban,5,5,2479,1989.0,35,Single Family,2,0,1,1,8113.0,2.6,0.3,4.1,395497
University,1,1,500,2003.0,21,Single Family,1,0,0,1,2000.0,2.2,2.4,12.7,53700
Industrial,2,3,998,1951.0,73,Single Family,1,0,1,0,5029.0,0.2,2.8,0.1,99153
University,2,3,1383,1999.0,25,Single Family,2,0,0,1,,3.7,1.2,0.1,229946
Suburban,4,3,2086,1990.0,34,Single Family,2,0,0,0,10438.0,2.2,3.2,1.7,362695
Hillside,4,4,2390,1994.0,30,Townhouse,1,0,1,0,7102.0,0.0,1.6,3.2,409760
Uptown,2,2,1153,1958.0,66,Condo,0,0,0,0,5505.0,2.0,5.5,1.5,190842
University,3,3,1638,2011.0,13,Townhouse,2,0,0,1,10832.0,2.0,0.2,23.8,248955
Hillside,4,5,1923,1996.0,28,Single Family,2,0,0,1,12053.0,1.0,0.3,0.7,423204
Uptown,4,3,1995,1954.0,70,Single Family,0,1,1,0,3401.0,0.1,3.7,0.0,322914
Uptown,3,3,1321,1950.0,74,Single Family,2,0,0,1,8290.0,1.3,3.7,0.6,245368
Suburban,3,3,1622,1993.0,31,Condo,1,0,0,0,2000.0,2.2,1.3,6.5,240246
University,3,4,1689,1971.0,53,Condo,2,0,0,1,7065.0,0.5,6.6,0.5,268398
Riverside,2,3,1272,1987.0,37,Single Family,1,0,0,1,13653.0,1.6,2.3,2.0,278259
Downtown,3,3,2129,1968.0,56,Single Family,1,0,0,1,8275.0,0.7,8.1,1.6,385877
Suburban,3,4,2066,1980.0,44,Condo,0,0,1,1,3856.0,1.3,1.5,3.3,267577
Suburban,4,5,1949,2016.0,8,Condo,3,0,1,1,3930.0,0.7,0.5,0.2,358753
Riverside,3,5,1291,1991.0,33,Condo,2,1,0,1,5202.0,0.5,1.2,3.2,313896
Downtown,4,4,2080,1975.0,49,Condo,2,0,0,0,5984.0,2.9,7.9,1.3,398547
Hillside,2,3,1375,1962.0,62,Single Family,2,1,1,0,2321.0,2.1,0.9,7.8,205495
Industrial,3,5,1527,2007.0,17,Single Family,1,0,0,1,8987.0,0.6,6.3,5.7,228159
University,1,3,737,1967.0,57,Single Family,3,0,0,1,9631.0,0.9,3.2,1.5,107569
Industrial,2,3,1616,2016.0,8,Single Family,0,0,1,1,6949.0,1.8,1.2,14.8,198533
Hillside,4,5,2048,1952.0,72,Single Family,2,0,1,0,14137.0,2.5,1.6,0.2,391064
Suburban,6,6,3032,2004.0,20,Single Family,1,0,0,1,,1.7,1.9,4.7,513983
Downtown,1,2,713,2007.0,17,Single Family,1,1,0,0,11608.0,1.2,2.2,1.7,254800
Suburban,3,4,1688,2012.0,12,Single Family,2,1,0,0,3836.0,4.6,0.2,1.7,316107
Uptown,4,5,2032,2001.0,23,Single Family,2,0,0,1,8899.0,2.2,5.4,0.6,399753
Suburban,2,2,1164,1973.0,51,Single Family,2,0,1,1,9350.0,0.2,1.8,2.2,229093
Suburban,3,4,1931,2021.0,3,Single Family,2,0,0,1,5868.0,1.2,5.4,0.3,350444
Hillside,4,5,1822,1958.0,66,Condo,1,0,1,1,,0.8,2.0,2.9,356949
Hillside,3,3,1760,1986.0,38,Condo,3,0,0,1,5837.0,2.4,1.1,0.8,333366
Hillside,2,3,1228,,22,Single Family,1,0,0,0,7064.0,0.1,1.7,3.9,256899
Industrial,3,4,1782,1973.0,51,Single Family,2,1,0,1,7151.0,0.8,3.5,2.8,247999
Uptown,4,5,2031,1970.0,54,Single Family,2,0,1,1,3783.0,0.6,0.8,4.1,371316
Hillside,3,3,1873,1989.0,35,Townhouse,1,1,1,1,9568.0,0.2,6.3,4.2,394813
Downtown,1,1,712,2011.0,13,Single Family,0,0,0,1,9775.0,0.7,1.3,0.7,192060
Industrial,4,6,2331,2019.0,5,Single Family,1,0,0,1,6879.0,1.7,6.3,0.0,332505
Riverside,1,1,894,2018.0,6,Condo,1,0,1,1,8726.0,0.7,4.3,1.4,179892
Downtown,4,5,1834,1963.0,61,Single Family,0,0,0,0,5240.0,1.3,2.9,7.5,375413
University,2,2,1436,1991.0,33,Single Family,0,1,0,0,4243.0,1.3,1.3,2.6,188013
University,5,6,2460,1999.0,25,Single Family,1,1,0,1,6800.0,1.3,1.8,3.9,403597
Downtown,3,3,1358,2010.0,14,Single Family,2,0,0,1,10073.0,1.1,3.6,6.4,341141
Hillside,2,3,1366,1953.0,71,Single Family,2,1,1,1,7773.0,0.2,1.6,7.1,238104
Riverside,2,2,1501,2021.0,3,Condo,0,0,0,1,6684.0,0.4,2.7,2.3,293278
Riverside,2,1,1556,1966.0,58,Single Family,1,0,1,1,9006.0,2.4,3.1,2.3,226870
Industrial,4,4,2024,2006.0,18,Townhouse,1,0,1,1,5252.0,1.0,1.4,5.7,280108
Riverside,6,5,2929,1997.0,27,Single Family,2,1,1,1,4321.0,1.8,1.5,4.9,535170
University,3,5,1710,1993.0,31,Single Family,2,0,0,0,6941.0,1.3,0.4,3.6,228878
Uptown,3,5,1997,1994.0,30,Single Family,2,1,0,1,5449.0,0.1,0.6,2.8,464787
Hillside,4,4,1937,1982.0,42,Single Family,2,0,0,1,4431.0,2.4,4.7,2.9,379811
Riverside,4,5,2007,1980.0,44,Single Family,2,1,0,0,10711.0,0.1,3.7,1.4,402856
Industrial,3,3,1533,1996.0,28,Single Family,2,0,1,1,14609.0,4.3,0.0,5.5,247454
University,3,4,1410,1955.0,69,Condo,1,0,1,1,3336.0,0.4,4.1,2.9,169655
Uptown,3,4,1749,2021.0,3,Single Family,2,0,1,1,6752.0,1.1,0.1,0.8,418024
Suburban,3,5,2020,2020.0,4,Single Family,3,0,0,1,8523.0,0.1,1.2,0.8,360809
Suburban,1,1,860,1983.0,41,Single Family,2,0,0,0,2838.0,3.4,0.1,5.9,69489
Uptown,3,4,1523,2002.0,22,Single Family,2,1,0,1,7331.0,5.9,6.9,2.9,343319
University,3,3,1737,1963.0,61,Single Family,0,1,1,1,7549.0,0.2,7.2,1.5,254026
Industrial,4,6,2217,1965.0,59,Single Family,3,0,0,0,9439.0,0.5,1.9,0.6,281848
Uptown,1,1,868,1992.0,32,Single Family,0,0,0,1,5681.0,0.0,1.0,2.8,123297
Hillside,3,4,1980,2022.0,2,Single Family,1,0,0,0,,2.3,1.4,0.6,416228
Hillside,3,4,1537,2023.0,1,Townhouse,0,0,1,1,10914.0,0.6,2.9,1.9,358592
Suburban,3,4,1642,1961.0,63,Single Family,3,0,1,1,9258.0,1.3,0.5,3.4,267842
Riverside,1,1,959,2019.0,5,Single Family,2,0,1,1,10183.0,0.1,1.2,2.5,247335
Industrial,3,5,1778,1968.0,56,Townhouse,3,0,1,1,2737.0,1.9,2.7,7.7,253408
Suburban,3,3,1709,1990.0,34,Duplex,2,0,0,1,5995.0,1.1,1.0,0.1,286080
Riverside,3,4,1444,2002.0,22,Townhouse,1,0,0,0,12548.0,1.9,0.1,1.0,336290
Riverside,3,3,2167,1978.0,46,Single Family,3,0,0,1,7748.0,2.3,1.4,0.2,343172
Hillside,3,3,1652,2019.0,5,Townhouse,3,0,0,0,7622.0,0.1,2.7,0.6,370850
University,4,5,2122,2008.0,16,Single Family,2,0,1,0,7753.0,1.3,7.5,0.4,353615
Downtown,2,2,1423,2013.0,11,Single Family,0,0,0,1,12709.0,1.6,0.1,4.0,328616
University,4,4,1972,1973.0,51,Condo,2,1,0,1,5761.0,1.1,1.6,1.4,293346
Downtown,3,3,1711,1965.0,59,Single Family,3,0,0,1,10014.0,0.3,1.2,7.8,384401
Uptown,1,1,764,2001.0,23,Duplex,2,0,0,0,8791.0,2.4,0.6,0.1,160912
Hillside,1,2,983,1955.0,69,Townhouse,2,0,1,1,3901.0,9.0,2.0,3.2,135190
Riverside,2,3,1244,1986.0,38,Townhouse,3,0,0,1,7104.0,5.2,0.4,10.6,216306
Industrial,4,3,2153,1953.0,71,Townhouse,2,0,0,0,5498.0,2.3,0.7,0.6,237817
Downtown,4,4,1890,1987.0,37,Single Family,2,0,0,1,4180.0,0.8,3.0,1.8,422258
University,4,4,1934,1990.0,34,Single Family,2,0,0,0,11589.0,0.6,1.2,3.6,355325
Riverside,3,2,1426,1963.0,61,Condo,1,1,0,1,4340.0,0.1,10.1,3.0,240219
Downtown,3,4,1557,2020.0,4,Townhouse,2,0,0,1,10247.0,0.8,1.0,2.5,420512
Downtown,2,3,785,2000.0,24,Condo,2,1,1,1,5415.0,0.3,1.2,1.2,279948
Downtown,2,2,1238,2014.0,10,Condo,2,1,0,0,12072.0,0.4,0.7,3.9,383953
Industrial,3,3,1593,2001.0,23,Duplex,1,0,0,0,6740.0,3.3,0.5,3.2,217114
Hillside,1,1,930,,45,Townhouse,0,0,1,0,9006.0,5.2,5.1,0.5,145276
Industrial,2,3,1308,2006.0,18,Single Family,0,0,0,0,6301.0,4.5,2.8,10.0,164737
Suburban,3,5,1951,1979.0,45,Single Family,2,0,0,0,2000.0,0.3,0.8,2.4,260495
Riverside,4,4,2618,1991.0,33,Townhouse,2,1,1,1,2997.0,3.5,2.4,2.2,441363
Hillside,6,6,3127,1960.0,64,Single Family,1,0,1,0,2305.0,0.2,6.8,5.7,529802
Hillside,5,6,2409,1976.0,48,Single Family,0,0,1,1,8761.0,1.1,0.2,3.1,462047
Hillside,3,5,1601,1973.0,51,Single Family,1,1,0,1,7914.0,1.5,0.6,0.2,340416
University,3,3,1873,1988.0,36,Condo,0,1,0,0,9784.0,0.9,0.4,2.1,296774
Hillside,3,2,1363,2021.0,3,Condo,1,0,0,1,5962.0,4.5,4.1,4.6,254582
Industrial,4,3,2036,1967.0,57,Townhouse,1,1,0,0,2000.0,0.6,0.4,3.6,254757
Hillside,2,3,1252,1994.0,30,Single Family,1,0,1,1,,1.1,0.7,10.6,236024
Uptown,3,3,1816,1961.0,63,Townhouse,1,0,0,1,10969.0,0.1,1.6,0.1,336515
Riverside,4,3,2222,1998.0,26,Townhouse,1,0,0,0,9121.0,2.9,1.9,0.9,368719
Hillside,3,4,1551,1980.0,44,Single Family,2,0,1,1,,0.8,3.3,2.4,325757
Riverside,3,2,1617,1971.0,53,Single Family,1,0,1,0,7695.0,1.8,1.0,2.9,287574
Uptown,3,4,1789,1993.0,31,Single Family,1,0,1,1,8795.0,1.7,1.5,1.0,363170
Uptown,2,2,1140,2013.0,11,Single Family,0,0,1,1,5889.0,1.7,6.7,5.3,192824
Riverside,3,2,1941,1974.0,50,Townhouse,1,0,0,0,4787.0,1.1,0.7,0.5,290324
Downtown,2,3,1421,2000.0,24,Single Family,0,0,1,1,3269.0,0.5,0.6,0.0,279609
Suburban,1,1,934,1956.0,68,Duplex,0,0,0,0,5741.0,1.5,2.5,9.1,77308
University,1,3,978,1955.0,69,Single Family,2,0,0,0,15985.0,4.9,2.9,1.5,132765
Downtown,4,5,2006,1973.0,51,Single Family,2,0,1,0,3439.0,2.7,1.1,9.5,406202
Downtown,2,2,1174,1968.0,56,Single Family,2,1,1,1,5187.0,0.2,0.5,1.0,287260
Industrial,3,4,1615,1958.0,66,Single Family,2,1,1,1,8339.0,0.0,3.0,0.2,221715
University,2,2,1399,1985.0,39,Single Family,0,0,1,1,15192.0,1.0,2.2,4.4,227193
University,5,6,2540,1989.0,35,Single Family,3,0,1,1,4850.0,2.2,4.2,5.4,373576
Downtown,2,2,1215,1973.0,51,Single Family,0,1,0,0,6114.0,0.6,3.7,2.0,264314
Hillside,3,4,1849,1997.0,27,Single Family,2,1,1,1,10014.0,1.8,0.5,0.2,421995
Industrial,4,3,2065,2012.0,12,Townhouse,0,0,1,1,9844.0,4.0,3.6,3.2,293586
Industrial,4,4,1961,2018.0,6,Single Family,2,0,1,1,5916.0,0.9,0.4,0.6,310182
Uptown,2,3,1350,2002.0,22,Single Family,2,0,0,1,5498.0,0.4,4.0,5.7,229990
University,4,5,1897,2003.0,21,Townhouse,0,0,0,1,9343.0,3.7,2.9,1.0,320171
Downtown,3,3,1362,1991.0,33,Single Family,2,0,1,0,7088.0,1.0,1.7,5.6,324457
Uptown,3,3,1698,1994.0,30,Condo,0,0,0,0,8862.0,0.8,2.1,1.7,322855
Riverside,2,3,1168,1963.0,61,Condo,2,0,0,1,7491.0,0.7,0.2,2.7,224820
Suburban,1,3,849,1978.0,46,Single Family,2,1,0,1,9053.0,0.8,0.1,4.7,192573
Industrial,4,3,1906,1955.0,69,Condo,1,0,0,1,9364.0,1.7,0.8,0.1,229865
Riverside,3,3,1941,1956.0,68,Townhouse,1,0,1,1,2156.0,0.9,3.4,5.2,232959
Riverside,3,3,1567,1986.0,38,Condo,0,1,0,0,6610.0,0.6,1.3,0.4,298932
Hillside,4,5,2013,2002.0,22,Townhouse,2,0,1,1,,2.0,0.5,1.3,417259
Suburban,4,3,2175,1967.0,57,Single Family,1,0,0,1,10431.0,0.3,3.6,1.9,296112
Riverside,2,2,1024,1987.0,37,Condo,2,0,0,1,7004.0,0.3,0.5,6.8,202894
Riverside,3,4,1409,2008.0,16,Single Family,3,0,0,1,2466.0,1.8,3.4,0.1,306997
Suburban,2,1,1376,1950.0,74,Single Family,1,1,1,1,11747.0,3.0,1.2,2.5,215036
Suburban,4,4,2011,2017.0,7,Single Family,3,0,0,1,10566.0,0.4,1.2,3.1,397515
Riverside,3,3,1519,1993.0,31,Single Family,2,0,1,1,8316.0,0.3,0.6,1.1,336830
Suburban,5,5,2620,1996.0,28,Single Family,1,1,1,1,6606.0,1.7,4.6,1.0,465747
Riverside,1,1,737,1984.0,40,Townhouse,1,0,1,0,9800.0,1.5,0.2,2.0,127843
Riverside,1,2,845,2009.0,15,Condo,2,0,1,1,6635.0,0.9,0.3,0.6,142443
Hillside,2,2,1120,2001.0,23,Single Family,1,0,0,0,10628.0,0.2,2.0,1.9,257782
Downtown,2,3,1360,1957.0,67,Duplex,0,0,0,1,13390.0,0.1,3.8,4.3,284783
Riverside,2,3,1566,1990.0,34,Condo,0,1,0,0,6537.0,2.3,0.2,5.6,297954
Uptown,5,6,2127,1952.0,72,Single Family,2,0,0,1,10341.0,0.9,2.6,1.5,389122
Industrial,2,2,1322,2018.0,6,Single Family,2,0,1,1,6034.0,2.9,2.7,2.9,225889
University,2,2,1471,1963.0,61,Condo,2,0,1,0,11082.0,1.3,1.7,0.0,188292
Downtown,4,4,2015,1975.0,49,Townhouse,0,0,0,0,7260.0,1.4,1.3,2.4,429876
Downtown,3,3,1473,2019.0,5,Townhouse,2,0,0,1,12343.0,4.1,0.8,11.1,349833
Downtown,4,4,2184,2007.0,17,Townhouse,3,1,1,1,7166.0,0.3,0.9,1.1,534522
Hillside,1,2,1100,1989.0,35,Single Family,0,0,0,0,5306.0,1.2,2.2,2.7,156104
Riverside,3,2,1878,2000.0,24,Single Family,0,0,1,0,6996.0,0.1,0.1,4.3,310587
Hillside,1,1,973,1954.0,70,Single Family,2,0,0,1,7330.0,0.7,1.8,2.8,114832
Riverside,1,1,919,1981.0,43,Single Family,2,0,0,1,8709.0,0.2,0.7,1.6,192455
Hillside,5,6,2320,1950.0,74,Townhouse,2,0,1,0,7013.0,0.3,1.3,0.5,426797
Hillside,2,2,1473,2003.0,21,Condo,3,0,0,1,8736.0,4.1,1.6,1.9,330406
Industrial,3,4,1861,1960.0,64,Single Family,2,0,1,1,8789.0,1.4,4.3,1.0,249755
Uptown,3,3,1472,2002.0,22,Duplex,1,1,1,0,6717.0,3.3,1.7,3.6,297122
Hillside,2,3,1372,1957.0,67,Single Family,2,0,1,1,8985.0,0.9,0.5,1.7,240237
Industrial,4,5,2230,,50,Townhouse,2,0,1,0,6241.0,1.4,0.2,5.7,275603
Suburban,1,1,1076,1989.0,35,Townhouse,3,0,0,0,13999.0,0.0,2.0,0.6,178446
Uptown,3,3,1685,1981.0,43,Duplex,1,0,1,0,8897.0,1.0,1.6,1.6,359592
Hillside,5,5,2328,1977.0,47,Townhouse,2,0,1,1,9836.0,1.2,2.2,2.4,489071
University,3,3,1599,1952.0,72,Single Family,2,0,1,1,7413.0,0.0,1.2,0.4,264251
Downtown,5,6,2298,2011.0,13,Duplex,1,1,1,1,5838.0,2.3,3.5,2.7,569519
Suburban,1,2,889,1976.0,48,Townhouse,1,0,1,0,10508.0,0.5,5.1,1.0,151267
Suburban,3,4,1650,1994.0,30,Single Family,2,1,0,0,8989.0,0.9,0.1,0.8,314241
Industrial,2,3,1729,1974.0,50,Townhouse,1,0,1,1,2000.0,1.2,2.7,0.5,174255
Suburban,4,4,2278,2010.0,14,Condo,2,0,1,0,13776.0,7.3,0.1,1.3,431188
Uptown,6,6,3093,1993.0,31,Single Family,2,0,1,1,10213.0,0.2,1.2,7.9,695934
Hillside,2,3,1394,1995.0,29,Single Family,1,0,0,1,6856.0,1.2,1.2,0.1,285519
Hillside,3,3,1626,1963.0,61,Condo,3,0,1,1,9816.0,1.1,2.4,5.7,325878
University,2,3,1244,1957.0,67,Townhouse,2,0,0,0,9264.0,0.1,0.9,1.5,168584
Downtown,3,3,1663,1997.0,27,Single Family,1,0,0,1,9485.0,1.5,3.4,2.5,391758
Industrial,3,2,1737,1963.0,61,Single Family,1,0,1,0,5388.0,0.5,0.8,2.2,216903
Downtown,5,6,2577,2014.0,10,Single Family,3,0,1,1,8213.0,0.2,0.8,7.8,611550
Suburban,3,3,1700,1956.0,68,Townhouse,1,0,0,1,8906.0,0.3,0.5,4.4,254056
University,2,4,1241,1998.0,26,Condo,1,0,1,1,11695.0,2.6,2.3,12.6,203794
Downtown,2,4,1181,2004.0,20,Single Family,1,0,0,1,8307.0,0.2,0.2,4.7,287622
Uptown,2,3,1021,1962.0,62,Single Family,1,0,0,1,9293.0,0.9,0.9,1.1,219158
Hillside,2,3,1556,2022.0,2,Single Family,1,0,0,0,5269.0,0.3,0.6,9.9,293765
Suburban,2,3,1741,2005.0,19,Townhouse,3,0,1,0,8201.0,0.3,0.5,12.3,303243
University,4,5,2339,2005.0,19,Single Family,2,1,0,1,10601.0,0.3,0.1,0.4,417183
Downtown,3,3,1448,1964.0,60,Single Family,1,1,0,1,5947.0,1.0,0.4,6.9,305511
Industrial,3,3,1857,2006.0,18,Single Family,1,0,1,1,6835.0,0.4,1.2,3.3,224844
Uptown,2,3,1504,2007.0,17,Townhouse,2,1,0,1,5108.0,0.2,1.4,7.7,321697
Uptown,4,4,2019,1984.0,40,Single Family,0,0,1,0,3933.0,2.4,0.6,7.4,380947
Downtown,4,4,2197,1965.0,59,Single Family,2,1,1,1,5417.0,1.2,2.1,6.7,474937
Hillside,1,1,808,1957.0,67,Condo,2,0,1,1,9686.0,0.3,0.8,6.5,95129
Downtown,4,5,2405,1994.0,30,Single Family,2,0,0,0,7261.0,1.0,0.9,0.4,537528
Suburban,3,4,1773,1989.0,35,Single Family,1,0,0,1,5427.0,0.1,3.1,0.5,273936
Downtown,1,1,716,2003.0,21,Condo,1,0,1,1,14537.0,1.3,1.6,0.4,236144
Uptown,3,5,1833,1963.0,61,Single Family,0,0,0,1,5894.0,0.6,6.1,0.3,336010
University,3,4,1911,2008.0,16,Single Family,1,1,0,1,9873.0,0.2,0.9,1.3,343042
Downtown,2,3,1339,,22,Single Family,1,0,0,1,8998.0,0.3,3.5,3.5,348208
Hillside,5,6,2595,1976.0,48,Townhouse,3,0,0,1,8744.0,0.6,2.7,1.3,529039
University,4,5,2086,1996.0,28,Single Family,2,0,1,1,2507.0,2.5,4.4,3.8,292952
Industrial,3,2,1473,1955.0,69,Condo,3,1,1,1,11810.0,0.3,6.3,5.1,199043
Riverside,3,4,1669,2004.0,20,Single Family,2,1,0,0,8958.0,0.2,0.0,3.3,365426
Downtown,3,2,1804,1993.0,31,Single Family,0,0,0,0,10756.0,1.1,0.2,1.9,377796
Hillside,3,4,1674,1967.0,57,Townhouse,2,1,1,0,11416.0,1.2,2.2,1.1,367274
University,3,5,1860,1965.0,59,Duplex,0,1,0,1,13141.0,0.1,1.0,0.4,284934
Hillside,1,1,821,1961.0,63,Single Family,1,0,1,1,5004.0,0.5,3.4,2.0,134027
Industrial,3,3,1634,1969.0,55,Condo,2,1,0,0,5843.0,0.5,0.0,3.8,215030
Uptown,4,5,2266,1994.0,30,Single Family,2,0,1,0,6253.0,0.3,3.3,2.4,486594
Hillside,3,3,1744,2013.0,11,Single Family,2,0,1,1,5401.0,0.6,0.3,3.8,335083
University,1,2,817,2008.0,16,Single Family,0,0,0,1,11965.0,0.1,0.7,1.2,133711
Hillside,4,4,2306,1971.0,53,Townhouse,0,0,0,1,4990.0,1.6,7.0,0.2,400250
Hillside,2,2,1162,1996.0,28,Single Family,0,0,0,1,6862.0,6.7,0.1,4.4,188591
Hillside,2,4,1154,1978.0,46,Single Family,0,0,1,1,3105.0,1.5,0.9,0.7,183533
Suburban,2,3,734,1994.0,30,Single Family,0,1,0,1,10196.0,0.7,0.2,2.9,211098
Suburban,2,3,1189,1958.0,66,Single Family,2,1,1,1,7617.0,1.7,3.8,4.9,182982
Uptown,4,4,2361,1973.0,51,Condo,2,0,0,0,10649.0,1.3,2.4,0.4,455583
Downtown,3,4,1285,1964.0,60,Duplex,1,0,1,1,10103.0,2.8,3.2,2.7,283176
Hillside,2,3,1109,1985.0,39,Townhouse,2,0,1,0,3075.0,1.5,1.5,3.5,212946
Industrial,4,5,2187,1962.0,62,Single Family,1,0,0,0,8554.0,1.5,0.9,4.1,272688
Downtown,4,5,1651,1993.0,31,Single Family,3,1,0,1,4727.0,0.4,0.0,0.5,453090
Industrial,4,5,1997,2020.0,4,Townhouse,1,0,0,1,8423.0,0.8,0.7,5.2,277275
Downtown,2,2,1528,2021.0,3,Duplex,2,1,1,1,6241.0,0.6,1.4,0.3,396968
Uptown,3,3,2108,1985.0,39,Single Family,3,1,0,1,13500.0,0.0,2.2,2.2,469765
Hillside,6,6,2958,2010.0,14,Condo,2,0,0,1,15990.0,0.6,0.5,1.8,640528
Hillside,4,4,1914,1989.0,35,Duplex,0,0,1,0,7265.0,1.0,0.3,0.8,355595
Riverside,1,2,707,1976.0,48,Condo,2,0,0,0,8296.0,1.4,0.5,1.1,123407
Industrial,1,1,928,1950.0,74,Single Family,0,0,1,1,2000.0,4.1,0.9,0.5,50000
Downtown,3,4,1756,1983.0,41,Single Family,0,0,0,1,3067.0,0.4,0.3,1.7,367233
Downtown,5,6,2871,,7,Single Family,0,1,0,1,9158.0,0.2,0.3,0.1,712183
Suburban,3,3,1894,1970.0,54,Single Family,3,0,0,1,7902.0,3.1,0.1,6.6,272133
Riverside,3,2,1716,1982.0,42,Single Family,3,0,1,0,9263.0,4.3,3.9,0.5,297410
University,2,2,1232,1956.0,68,Single Family,1,0,0,0,5605.0,1.0,0.5,6.5,143398
University,3,4,2302,2014.0,10,Townhouse,2,0,1,1,8907.0,0.2,3.5,6.0,369408
Suburban,4,5,2225,1952.0,72,Single Family,3,0,0,1,2000.0,1.0,1.2,1.8,341672
Suburban,3,2,1566,2000.0,24,Single Family,1,1,0,1,6172.0,0.2,2.0,2.1,282912
Suburban,4,5,2055,2003.0,21,Townhouse,1,0,1,1,,3.2,0.2,1.1,382723
Industrial,5,5,2324,2023.0,1,Townhouse,1,0,0,1,13089.0,1.8,1.8,17.3,312707
Industrial,2,2,819,2008.0,16,Townhouse,2,0,0,0,7649.0,0.4,0.7,3.3,113071
Uptown,3,5,1762,1955.0,69,Single Family,1,0,0,1,9769.0,3.3,0.2,9.1,342467
Uptown,2,2,1656,1978.0,46,Townhouse,2,0,1,1,5991.0,1.5,4.8,1.6,264440
Suburban,4,4,1773,1966.0,58,Single Family,1,1,1,1,9330.0,4.6,1.9,6.4,278974
Riverside,3,2,1711,2009.0,15,Single Family,1,0,0,1,6518.0,5.9,0.6,1.8,318071
Downtown,3,2,1558,1971.0,53,Townhouse,1,0,0,1,13864.0,0.0,1.1,6.0,340430
Industrial,4,4,2204,1973.0,51,Single Family,0,1,1,1,7013.0,0.2,0.9,0.4,284175
Riverside,3,2,1665,2000.0,24,Single Family,1,0,1,0,7490.0,1.2,2.4,3.0,274970
Hillside,5,6,2227,1999.0,25,Single Family,0,0,0,0,10322.0,4.7,1.9,3.4,428753
Industrial,3,3,1503,1960.0,64,Single Family,2,0,1,1,9507.0,7.7,0.0,3.2,169300
Industrial,2,3,1133,2005.0,19,Single Family,1,0,0,1,6903.0,1.3,0.4,1.8,163124
Uptown,3,3,1968,2020.0,4,Condo,2,0,0,0,9229.0,0.3,1.3,3.5,446726
Downtown,4,4,2358,1991.0,33,Single Family,3,1,0,0,4835.0,0.3,1.2,0.8,521333
Downtown,2,3,1237,1988.0,36,Duplex,2,1,0,1,8678.0,2.2,1.5,2.7,306241
University,4,6,2345,2018.0,6,Single Family,3,0,0,1,9647.0,1.3,2.5,2.4,389208
University,5,4,2465,1997.0,27,Single Family,2,0,1,0,,1.2,2.3,1.1,330343
University,2,3,1234,2006.0,18,Single Family,0,1,0,1,6890.0,0.9,0.9,4.5,204662
University,6,6,2911,1970.0,54,Single Family,3,0,0,1,6111.0,1.9,4.2,0.3,433713
Hillside,2,3,1356,1969.0,55,Townhouse,2,0,0,1,3692.0,2.9,0.1,0.6,216587
Hillside,2,3,1188,1964.0,60,Single Family,2,0,1,0,9245.0,0.5,1.8,1.9,239369
Industrial,2,1,1304,2018.0,6,Single Family,2,0,1,1,6574.0,0.4,6.0,6.7,197368
Suburban,4,3,2257,2000.0,24,Townhouse,2,0,0,1,9669.0,1.7,1.6,2.6,350535
Uptown,3,4,1725,2011.0,13,Single Family,0,0,0,0,7452.0,3.7,1.2,5.5,337860
Uptown,2,2,1308,1986.0,38,Condo,2,0,0,1,9844.0,0.6,0.3,2.2,290409
University,3,5,1798,1955.0,69,Townhouse,0,0,0,0,2859.0,0.5,3.3,4.6,210851
Industrial,3,3,1833,2020.0,4,Single Family,1,0,0,1,4561.0,0.4,0.9,1.2,247013
Riverside,1,1,887,1975.0,49,Single Family,2,0,0,1,5474.0,0.4,2.4,5.1,144545
Suburban,4,5,2005,1957.0,67,Single Family,1,0,1,0,11591.0,0.2,0.4,1.5,325647
Industrial,4,4,2137,2022.0,2,Condo,0,1,0,0,9209.0,1.4,0.1,2.5,312644
Suburban,3,4,1381,1953.0,71,Single Family,2,1,0,1,7209.0,0.5,0.7,0.6,228299
Suburban,5,6,2457,1970.0,54,Single Family,2,0,0,0,6567.0,1.4,0.7,7.6,366874
Suburban,3,5,1205,1980.0,44,Single Family,2,0,1,1,9788.0,0.1,4.1,3.6,240820
Industrial,6,6,2564,1970.0,54,Single Family,2,0,0,1,6232.0,0.2,4.0,5.9,339453
University,3,4,1334,1974.0,50,Single Family,3,1,0,1,10206.0,1.2,1.5,0.7,226708
Uptown,3,4,1909,1964.0,60,Condo,0,0,1,1,7356.0,1.1,0.0,0.2,349377
Uptown,2,4,1302,1984.0,40,Single Family,2,0,0,1,11879.0,0.5,0.5,1.2,287507
University,4,4,1847,1998.0,26,Condo,0,0,0,0,5166.0,2.6,2.0,2.2,266432
Suburban,3,2,1798,1992.0,32,Condo,1,0,0,0,7616.0,0.3,0.2,4.9,310505
Riverside,2,2,1497,1990.0,34,Single Family,2,0,1,0,5243.0,0.7,2.4,1.5,252803
Downtown,1,1,1001,1986.0,38,Single Family,2,0,0,1,12884.0,1.2,0.0,0.9,237380
Industrial,3,4,1662,2006.0,18,Single Family,0,1,1,1,8062.0,3.0,2.3,1.4,295085
Downtown,3,4,1746,1991.0,33,Townhouse,1,0,0,1,4977.0,0.8,3.7,3.6,351245
University,4,5,2280,1996.0,28,Single Family,2,0,0,1,5293.0,0.8,1.3,1.2,354562
Riverside,4,3,2006,2010.0,14,Duplex,2,0,1,1,9542.0,1.3,3.5,11.6,386370
Industrial,1,2,905,1963.0,61,Townhouse,2,1,0,0,2544.0,0.6,3.0,0.6,108395
University,4,4,2048,2017.0,7,Single Family,1,0,0,0,7465.0,1.9,2.2,4.2,303475
Suburban,2,3,977,2002.0,22,Townhouse,2,0,0,1,5442.0,0.4,1.2,2.7,178441
Uptown,4,5,2283,1983.0,41,Single Family,0,0,1,1,7521.0,2.6,0.6,0.8,439192
Downtown,4,4,2511,1973.0,51,Condo,0,0,0,1,8303.0,0.5,3.9,4.2,471091
Hillside,3,3,1525,1969.0,55,Single Family,2,0,0,1,7704.0,7.4,2.1,1.8,217467
Hillside,4,3,2292,2018.0,6,Single Family,2,0,0,1,7201.0,0.6,3.2,3.4,461249
Riverside,2,3,1131,1979.0,45,Single Family,0,0,0,0,8496.0,3.2,1.6,3.3,177217
Suburban,3,5,1726,1956.0,68,Condo,0,0,0,1,13249.0,0.8,0.4,0.4,286547
Downtown,4,5,2401,1985.0,39,Single Family,2,0,0,1,11821.0,0.4,7.8,5.5,525296
Suburban,3,3,1595,1987.0,37,Duplex,1,0,0,0,6986.0,0.4,0.4,3.4,228619
Downtown,3,3,1697,2001.0,23,Single Family,1,0,1,1,10175.0,2.8,4.8,4.6,383428
Riverside,3,4,1339,1964.0,60,Single Family,1,0,0,1,10028.0,0.6,0.5,1.8,221492
Riverside,4,5,1967,1995.0,29,Single Family,0,0,0,1,6862.0,0.6,0.9,0.7,367410
Hillside,2,2,918,1972.0,52,Single Family,0,0,1,0,7904.0,0.3,1.2,1.2,199904
Suburban,2,1,1385,1961.0,63,Single Family,2,0,1,0,9612.0,4.9,5.1,7.0,164740
Industrial,4,5,2266,1993.0,31,Single Family,2,1,1,0,5808.0,0.4,4.4,8.3,289047
Hillside,4,4,2055,1964.0,60,Townhouse,2,0,0,0,7278.0,0.4,3.5,2.0,353752
Suburban,2,2,1357,1998.0,26,Single Family,2,0,1,1,7406.0,4.3,0.9,1.1,258319
Hillside,2,1,1234,1970.0,54,Single Family,2,0,1,1,7190.0,3.5,0.0,3.9,196349
Industrial,2,3,1448,1964.0,60,Single Family,3,0,0,1,7072.0,0.4,2.3,4.4,137275
Uptown,2,3,1325,1963.0,61,Townhouse,2,0,0,1,,3.0,1.1,5.1,203654
Uptown,3,5,1302,1991.0,33,Single Family,1,0,0,0,8079.0,0.4,2.8,0.1,289210
Uptown,4,5,2287,1964.0,60,Single Family,2,0,1,1,9918.0,0.1,3.2,0.0,473937
Uptown,3,4,1622,2012.0,12,Single Family,1,0,0,1,15560.0,2.6,1.2,1.3,414379
University,3,2,1445,2017.0,7,Townhouse,2,0,0,1,,2.2,2.8,0.5,256233
Downtown,3,4,1612,1976.0,48,Condo,2,0,0,0,8653.0,0.5,3.7,4.9,357170
University,4,4,1719,2002.0,22,Single Family,2,0,1,1,9525.0,0.1,5.3,2.3,299179
University,3,4,1450,2001.0,23,Single Family,2,0,0,1,11275.0,0.3,1.7,5.2,206856
University,5,5,2528,2012.0,12,Condo,0,0,1,1,9303.0,2.2,3.0,0.6,433737
Uptown,3,3,1745,2022.0,2,Duplex,0,0,1,0,4721.0,5.0,1.4,3.0,319727
Industrial,2,1,1361,2002.0,22,Townhouse,1,0,0,1,6012.0,0.4,0.1,2.6,217593
Riverside,3,3,1700,2006.0,18,Duplex,0,0,0,1,8439.0,2.6,0.3,1.2,307481
Riverside,2,1,1161,2001.0,23,Townhouse,1,0,0,0,5927.0,0.4,0.3,2.2,189445
Downtown,3,3,1689,1992.0,32,Townhouse,1,0,1,1,3570.0,1.7,0.4,2.7,338989
Uptown,1,3,812,1956.0,68,Single Family,1,0,1,0,5580.0,0.1,0.0,6.6,124440
Uptown,2,2,974,1991.0,33,Single Family,3,0,1,1,5597.0,1.3,3.9,0.2,183662
Uptown,4,5,1945,1953.0,71,Single Family,1,0,0,1,4971.0,0.5,1.6,5.2,329111
Hillside,2,3,1477,2018.0,6,Condo,1,1,0,0,15580.0,3.9,1.0,11.8,376401
Suburban,4,6,2417,,70,Condo,0,1,0,1,8945.0,0.5,1.1,3.9,421989
Hillside,2,3,1430,1990.0,34,Townhouse,2,0,0,0,8346.0,0.8,1.2,4.0,248937
Suburban,3,4,2008,1953.0,71,Single Family,0,1,1,1,10758.0,2.8,0.2,0.7,336110
Uptown,3,3,1717,1951.0,73,Single Family,2,0,0,1,13394.0,0.9,0.6,2.2,324242
Uptown,3,3,2048,2016.0,8,Single Family,0,0,0,1,9160.0,0.4,3.8,3.7,426584
Hillside,2,2,1710,1970.0,54,Single Family,2,1,0,1,11052.0,1.2,2.7,2.8,306600
Hillside,2,3,953,2019.0,5,Townhouse,2,1,0,1,6493.0,2.7,1.7,1.5,272800
Suburban,1,2,944,1992.0,32,Condo,0,1,0,1,5281.0,0.9,1.3,8.4,152397
Riverside,2,2,1317,2018.0,6,Single Family,1,0,0,1,10727.0,0.2,0.6,2.2,273991
Suburban,3,3,1615,1958.0,66,Single Family,1,0,1,0,10670.0,0.7,1.3,10.5,247174
Hillside,5,6,2598,1977.0,47,Townhouse,2,0,0,0,10388.0,4.6,1.8,2.5,526007
Industrial,4,4,2108,1975.0,49,Single Family,1,0,1,1,8376.0,0.1,2.5,4.7,272727
Hillside,4,5,1952,1952.0,72,Condo,2,0,0,1,5661.0,0.8,0.4,4.1,349920
Industrial,4,5,2094,2022.0,2,Single Family,2,1,1,1,6558.0,1.6,3.4,3.2,331202
Downtown,3,4,1940,1998.0,26,Single Family,2,0,0,0,11465.0,0.1,0.8,0.0,456237
Hillside,2,3,1336,1966.0,58,Single Family,1,0,1,1,6227.0,0.6,1.4,0.2,255689
Downtown,5,6,2625,2012.0,12,Single Family,0,0,1,1,8558.0,4.2,1.9,2.6,623911
Riverside,3,3,1644,2004.0,20,Single Family,2,0,0,1,5687.0,0.0,1.3,7.3,281382
Suburban,3,4,1790,1972.0,52,Single Family,2,0,0,1,7426.0,2.1,1.7,2.8,290481
Industrial,2,3,1058,1983.0,41,Single Family,3,1,0,1,4758.0,2.8,0.2,0.8,189677
Suburban,3,3,1600,2018.0,6,Single Family,3,0,1,1,,0.5,1.1,1.2,312343
Downtown,3,2,1679,1964.0,60,Single Family,2,0,0,1,6567.0,0.4,0.7,2.9,337171
Industrial,4,4,1844,1996.0,28,Single Family,2,1,0,1,2880.0,3.7,0.2,2.7,202271
Suburban,3,3,1533,1952.0,72,Single Family,2,1,0,0,9964.0,2.2,0.4,9.4,229758
Hillside,3,4,1762,1977.0,47,Townhouse,1,1,1,1,9827.0,0.2,1.8,2.3,425019
Uptown,5,6,2525,1952.0,72,Condo,2,1,1,1,8168.0,0.4,0.4,1.3,543408
Downtown,2,2,1461,1953.0,71,Single Family,1,0,0,1,4627.0,1.5,0.4,2.2,235453
Suburban,3,3,1579,1980.0,44,Single Family,1,1,0,0,4668.0,0.8,1.6,4.6,294337
Downtown,1,3,911,1994.0,30,Single Family,2,0,1,0,14991.0,1.1,4.7,2.3,237550
University,4,4,1965,2008.0,16,Single Family,1,0,1,1,2000.0,4.5,3.1,1.2,310180
Downtown,5,5,2641,1994.0,30,Townhouse,1,0,0,1,4728.0,0.8,4.7,1.2,535965
Industrial,2,3,1538,1986.0,38,Condo,1,0,0,1,14448.0,3.2,1.7,4.2,210787
University,4,5,2196,2014.0,10,Townhouse,2,0,1,1,15387.0,1.6,1.1,0.2,368431
Industrial,2,1,1512,1958.0,66,Single Family,2,0,0,1,13097.0,0.2,2.6,1.0,172688
Uptown,5,4,2506,1966.0,58,Single Family,2,0,0,0,9595.0,2.0,0.6,0.5,507856
University,4,4,2261,2014.0,10,Condo,1,0,1,1,6090.0,1.1,0.2,8.7,339067
Hillside,4,5,2115,1952.0,72,Single Family,1,1,0,1,2952.0,0.4,0.8,0.3,388034
Downtown,1,2,695,1975.0,49,Single Family,0,0,1,1,9218.0,0.5,0.7,4.3,144882
Suburban,5,5,2549,2002.0,22,Duplex,1,0,0,1,5710.0,1.2,2.3,3.0,434887
Riverside,4,5,1900,1980.0,44,Townhouse,2,1,1,1,12354.0,1.4,1.6,3.0,437688
Downtown,2,3,1767,1975.0,49,Townhouse,1,0,0,1,2439.0,5.2,0.3,4.3,277010
Downtown,4,3,2033,1972.0,52,Single Family,1,0,1,1,8601.0,2.9,4.8,1.5,400964
Uptown,2,2,1429,1979.0,45,Single Family,0,0,0,1,10786.0,0.3,1.8,1.5,263475
Hillside,4,5,2097,1959.0,65,Single Family,1,0,0,1,11037.0,2.2,1.2,1.0,385956
Riverside,2,2,1053,2021.0,3,Townhouse,0,1,0,0,10500.0,0.0,5.5,2.7,217225
University,4,4,1720,2013.0,11,Single Family,2,1,1,1,9021.0,0.2,0.2,8.0,340148
University,3,4,1849,1971.0,53,Condo,2,0,0,0,8383.0,0.3,3.1,7.7,260680
University,1,2,1209,1964.0,60,Condo,2,0,0,0,10723.0,1.4,0.9,3.6,116243
Industrial,2,3,1153,2005.0,19,Single Family,2,0,0,0,9021.0,0.3,2.4,7.1,186722
Industrial,1,2,568,2023.0,1,Single Family,1,0,0,1,9118.0,0.7,5.3,9.9,92347
Suburban,3,4,1634,1969.0,55,Single Family,2,0,1,1,8103.0,0.4,1.5,4.8,279236
Riverside,2,2,1112,1996.0,28,Townhouse,2,0,1,1,6844.0,0.6,0.0,1.6,221046
University,3,4,1569,2002.0,22,Townhouse,0,0,0,0,3950.0,4.3,0.1,2.0,228302
Industrial,2,2,1422,2002.0,22,Townhouse,2,0,0,0,4467.0,8.9,0.8,8.0,147541
Suburban,2,2,1289,,74,Single Family,3,0,1,1,6850.0,1.7,3.0,3.3,191865
Hillside,4,5,1934,1951.0,73,Single Family,1,0,1,0,7638.0,1.3,0.7,5.2,346510
Suburban,1,2,1017,2007.0,17,Townhouse,2,1,1,1,5096.0,1.8,0.8,0.4,217054
Industrial,5,5,2633,1968.0,56,Single Family,2,0,0,1,4872.0,2.2,3.1,0.6,346520
Uptown,4,6,2032,2011.0,13,Townhouse,2,0,0,1,6906.0,2.0,0.2,1.3,456599
Uptown,3,2,1727,2021.0,3,Townhouse,2,0,0,1,10706.0,0.1,3.8,0.6,386741
University,3,3,1804,1961.0,63,Single Family,1,0,0,0,2000.0,0.6,0.6,7.1,214968
Uptown,4,3,2185,1975.0,49,Single Family,1,0,1,1,5185.0,0.6,0.1,0.7,365298
University,2,3,1308,1976.0,48,Single Family,2,0,0,1,8484.0,0.7,0.2,2.4,175843
University,1,2,1186,1978.0,46,Single Family,2,0,0,1,11860.0,0.6,6.1,0.3,148915
Industrial,2,2,1416,1964.0,60,Townhouse,3,0,1,0,14482.0,2.3,1.2,0.5,202240
Uptown,4,5,2009,1995.0,29,Townhouse,1,1,0,1,6973.0,2.1,0.6,0.9,453102
University,1,1,811,1950.0,74,Condo,1,1,1,1,6929.0,0.0,1.5,12.2,121758
Riverside,3,4,1588,2009.0,15,Townhouse,1,0,0,0,7586.0,0.5,2.3,4.8,338248
Hillside,6,6,3026,2006.0,18,Single Family,0,1,0,1,8681.0,1.5,0.8,3.4,591489
Suburban,4,4,1975,1952.0,72,Single Family,1,0,0,0,7865.0,0.2,2.6,7.4,254408
Suburban,3,5,1615,1967.0,57,Condo,1,1,0,1,8349.0,0.1,0.6,9.4,288437
Industrial,1,1,1111,2001.0,23,Single Family,1,0,0,1,3990.0,2.6,0.2,1.8,89455
Uptown,4,4,2138,2009.0,15,Townhouse,1,0,0,1,3014.0,0.9,1.6,1.2,383816
Uptown,3,4,1939,1983.0,41,Townhouse,1,0,0,1,10145.0,2.9,0.3,1.1,370024
University,2,4,1459,2009.0,15,Single Family,3,1,1,1,7421.0,2.6,5.6,0.1,220064
Downtown,1,1,664,1975.0,49,Single Family,2,0,0,1,10500.0,3.4,0.0,1.0,125922
University,5,4,2479,2021.0,3,Single Family,0,0,0,1,8671.0,0.1,2.8,1.3,411903
Hillside,3,3,1897,1968.0,56,Condo,2,1,0,0,3700.0,0.3,0.7,0.1,326190
Riverside,4,5,1855,1971.0,53,Single Family,2,1,0,1,12659.0,0.5,3.7,6.4,424646
Suburban,4,4,2183,1982.0,42,Condo,2,0,0,1,8094.0,0.2,0.1,5.6,349510
University,3,4,1692,1987.0,37,Single Family,1,0,0,1,5758.0,1.0,6.1,0.9,248619
Downtown,3,5,1349,1984.0,40,Duplex,1,0,0,1,6397.0,2.4,0.2,4.9,300421
Downtown,3,3,1723,2016.0,8,Single Family,2,0,0,1,4365.0,4.5,3.1,4.8,367076
University,2,2,1132,1959.0,65,Single Family,1,0,0,1,8998.0,3.3,1.5,1.2,132748
Industrial,3,3,1466,1964.0,60,Condo,3,0,1,1,7666.0,0.9,1.1,3.6,203538
Suburban,4,4,2101,1960.0,64,Condo,2,0,0,1,14055.0,1.5,0.7,1.0,372988
Industrial,3,4,1313,1973.0,51,Single Family,3,0,0,1,9559.0,0.4,3.7,0.2,233550
Riverside,4,4,1965,1953.0,71,Townhouse,1,0,1,1,,0.8,0.4,2.1,373563
Downtown,3,3,2210,1962.0,62,Condo,1,0,1,0,5116.0,3.1,2.6,1.7,398908
Downtown,3,4,1830,2022.0,2,Single Family,1,0,1,0,7007.0,0.0,1.2,0.4,421949
Hillside,3,3,1523,2006.0,18,Single Family,3,0,0,1,10670.0,1.1,13.0,2.0,335486
Riverside,3,4,1980,1986.0,38,Condo,1,0,1,0,9766.0,3.1,1.9,8.9,350767
Downtown,4,3,1901,1997.0,27,Single Family,2,0,1,1,7953.0,0.2,0.2,3.9,394035
Riverside,2,3,1189,2020.0,4,Single Family,1,0,1,1,4770.0,6.1,1.1,4.0,216186
Suburban,3,5,1470,1950.0,74,Townhouse,1,0,0,0,2000.0,0.0,0.1,4.3,156344
Uptown,2,3,1351,2009.0,15,Single Family,0,0,0,1,7340.0,3.3,0.7,4.1,261398
Downtown,3,5,1973,1961.0,63,Single Family,2,0,1,1,7468.0,0.7,0.8,0.1,417255
Hillside,3,3,1500,1970.0,54,Duplex,2,0,0,1,8384.0,0.2,3.8,7.8,267659
Suburban,3,3,1287,1960.0,64,Single Family,0,0,0,0,3663.0,0.3,3.6,5.3,176707
University,5,6,2718,1993.0,31,Condo,2,1,0,1,5362.0,1.8,0.0,1.0,383078
Riverside,3,4,2010,2007.0,17,Condo,2,0,0,1,9175.0,3.1,1.5,2.4,402789
University,4,4,1700,1993.0,31,Single Family,2,0,0,0,9755.0,1.5,0.5,2.9,287822
Industrial,3,3,1792,1983.0,41,Single Family,2,0,0,1,8602.0,4.0,0.8,0.4,201686
Suburban,3,3,1745,1974.0,50,Single Family,1,1,1,1,6960.0,2.8,0.0,0.9,296417
University,1,1,742,1953.0,71,Single Family,1,0,0,0,4438.0,0.0,2.8,0.1,99575
Downtown,2,2,1021,2013.0,11,Townhouse,2,0,0,1,10861.0,1.7,6.0,6.0,301181
Riverside,3,4,1898,1965.0,59,Townhouse,1,0,1,1,10180.0,0.5,0.5,0.1,376976
Uptown,3,3,1735,1959.0,65,Single Family,1,0,0,0,6277.0,0.9,0.8,1.2,288492
Suburban,1,1,950,2015.0,9,Single Family,0,0,0,0,10499.0,0.1,0.5,0.2,201610
Downtown,2,3,1175,1984.0,40,Single Family,2,0,0,0,7792.0,0.5,5.3,4.6,274659
Hillside,2,3,1139,1955.0,69,Single Family,1,1,0,0,5953.0,1.5,0.0,7.8,175469
Industrial,5,6,2009,1968.0,56,Single Family,2,1,0,1,10780.0,0.4,1.8,2.5,340299
Riverside,2,3,1254,2008.0,16,Single Family,0,0,1,0,8300.0,1.6,4.1,0.5,269733
Suburban,3,3,1987,2002.0,22,Townhouse,3,1,1,1,6715.0,3.8,0.4,2.5,343743
Suburban,2,3,1121,1957.0,67,Single Family,1,0,1,1,4153.0,0.0,1.8,4.4,154152
Uptown,3,4,1395,1959.0,65,Single Family,2,0,0,1,4430.0,2.3,0.1,3.8,276080
Uptown,2,1,1387,2016.0,8,Townhouse,2,0,0,0,10541.0,1.5,3.4,4.1,294398
Hillside,2,3,1424,1987.0,37,Single Family,2,0,0,1,9358.0,0.1,0.6,1.0,302308
Industrial,3,5,1582,1978.0,46,Single Family,1,0,0,0,4491.0,2.3,9.0,0.2,170400
Hillside,1,1,830,1964.0,60,Single Family,2,0,0,1,4434.0,0.4,5.1,0.5,81003
Downtown,1,1,952,1972.0,52,Single Family,1,1,1,1,14307.0,0.5,2.6,9.3,219723
Downtown,2,2,1268,1995.0,29,Single Family,1,0,0,1,9393.0,0.1,1.4,2.9,282296
Hillside,1,1,1100,1977.0,47,Condo,2,0,0,1,11628.0,1.1,2.9,3.9,203912
Industrial,2,2,1787,1975.0,49,Single Family,2,0,0,1,12476.0,1.0,0.3,6.9,185368
Hillside,2,3,958,1959.0,65,Duplex,2,0,0,1,,0.6,0.7,5.7,196163
Industrial,4,3,2345,1996.0,28,Single Family,2,0,1,1,13228.0,0.3,0.1,0.7,360907
Industrial,3,5,1721,1953.0,71,Single Family,1,0,1,1,4766.0,2.7,2.1,0.2,207644
University,3,4,1977,2004.0,20,Single Family,3,0,0,1,10187.0,3.1,3.3,7.8,321239
Riverside,2,3,1444,2015.0,9,Single Family,0,0,0,1,7652.0,1.2,5.8,12.0,247546
Industrial,5,6,2512,2016.0,8,Single Family,2,0,1,1,10170.0,0.4,2.3,2.5,354301
Uptown,3,2,1852,1956.0,68,Single Family,2,0,1,1,7367.0,0.2,2.6,6.6,325985
Industrial,1,1,821,2004.0,20,Single Family,1,1,1,1,9647.0,3.0,4.5,0.8,156132
Industrial,3,4,1545,1980.0,44,Single Family,1,0,0,1,12085.0,0.2,5.5,0.4,209357
Industrial,2,3,1462,,1,Single Family,2,0,0,0,11358.0,0.0,1.4,2.1,212458
University,2,3,1131,1968.0,56,Single Family,0,0,0,0,7814.0,1.0,0.2,5.0,136353
University,3,3,1828,1977.0,47,Single Family,1,0,0,1,5139.0,2.0,1.3,3.2,247357
Downtown,4,6,2106,1977.0,47,Townhouse,0,0,1,1,7107.0,0.9,1.6,3.0,473926
University,3,3,1234,1968.0,56,Condo,2,0,0,1,,0.1,2.0,0.1,232382
Uptown,4,5,1985,1969.0,55,Single Family,0,0,0,1,9956.0,1.8,9.1,1.1,389941
Uptown,6,6,2966,1962.0,62,Single Family,0,0,0,1,11210.0,1.5,5.0,8.4,551878
University,2,2,1218,1992.0,32,Single Family,0,0,1,1,5806.0,1.7,1.0,0.4,168422
Hillside,2,3,790,1960.0,64,Condo,1,0,0,0,5202.0,0.4,0.2,3.9,106800
Riverside,3,2,1964,1997.0,27,Single Family,2,0,0,1,4940.0,2.4,0.5,4.3,350068
University,3,3,1733,1964.0,60,Townhouse,3,1,1,0,7408.0,1.0,0.4,4.0,241837
Industrial,3,4,1788,1966.0,58,Single Family,0,1,0,1,8642.0,1.2,0.9,13.6,215278
Suburban,5,6,2405,2003.0,21,Single Family,2,0,0,0,9109.0,1.2,4.2,1.6,442277
Riverside,4,6,2206,1999.0,25,Single Family,2,0,0,1,3756.0,0.5,1.2,3.4,444291
Riverside,3,4,2066,1977.0,47,Single Family,2,1,1,1,5139.0,0.4,1.7,0.6,438608
Uptown,2,2,1152,1953.0,71,Condo,2,0,1,0,5892.0,0.0,0.4,1.5,163690
Riverside,4,5,2433,1971.0,53,Single Family,1,1,1,1,13272.0,0.8,1.4,2.0,498885
University,5,6,2579,1988.0,36,Single Family,1,0,1,1,6856.0,1.0,4.1,0.7,391437
Industrial,4,3,1926,1983.0,41,Single Family,1,1,1,0,3569.0,2.0,3.0,7.1,239816
Industrial,1,3,1342,1993.0,31,Townhouse,0,1,1,1,9144.0,0.1,0.2,3.8,192123
Downtown,3,2,1778,1991.0,33,Single Family,2,0,0,1,7674.0,3.9,4.0,1.0,337934
Industrial,1,2,1035,1989.0,35,Single Family,1,0,1,1,4475.0,0.5,0.6,0.4,158702
Industrial,2,2,1246,1961.0,63,Single Family,1,0,0,0,6579.0,0.7,2.2,1.0,87255
Uptown,1,1,740,1951.0,73,Single Family,1,0,1,0,6975.0,0.1,0.3,2.9,97275
Industrial,3,3,1733,1977.0,47,Townhouse,2,0,1,1,7630.0,1.6,2.2,5.3,248326
Downtown,3,4,2016,2023.0,1,Single Family,2,0,0,0,10789.0,1.9,0.1,2.1,493168
Suburban,2,2,1238,2016.0,8,Single Family,2,0,0,0,9681.0,4.0,1.8,0.3,215673
University,3,2,1694,2020.0,4,Single Family,1,0,0,1,8375.0,0.6,2.1,0.9,261482
Uptown,3,4,1991,2021.0,3,Condo,2,1,0,1,10958.0,0.4,0.6,1.3,503107
Suburban,3,5,1639,1959.0,65,Single Family,1,0,0,1,6770.0,1.9,5.5,3.0,234497
Uptown,2,2,1402,2006.0,18,Single Family,0,0,0,1,5824.0,1.8,0.1,0.8,269232
Hillside,3,3,1875,1986.0,38,Condo,1,0,0,1,8926.0,4.1,4.4,0.8,347527
Riverside,4,4,2060,2013.0,11,Single Family,2,0,1,1,8694.0,0.3,1.0,1.0,448770
Hillside,1,1,961,1989.0,35,Duplex,2,0,0,0,3572.0,1.8,2.5,2.7,126497
Industrial,1,2,1032,2009.0,15,Single Family,3,1,0,1,12479.0,0.1,2.1,2.0,163911
Suburban,3,4,1619,1997.0,27,Single Family,2,0,0,1,4943.0,1.0,0.4,5.5,254726
Industrial,5,6,2663,1968.0,56,Townhouse,0,0,1,1,9588.0,0.2,0.8,3.6,379919
Riverside,3,3,1590,2021.0,3,Condo,0,0,0,1,9658.0,1.6,1.5,3.3,331389
Uptown,3,4,1564,1982.0,42,Single Family,0,0,0,1,,1.4,3.7,0.5,248091
Riverside,3,4,1394,1993.0,31,Condo,2,1,0,0,8681.0,0.1,6.2,0.2,289398
Downtown,3,4,1599,1986.0,38,Single Family,2,0,0,0,12912.0,0.6,0.0,2.1,416406
Riverside,1,2,736,1985.0,39,Condo,3,0,0,1,5869.0,0.8,0.9,0.2,140144
Downtown,3,4,1619,1970.0,54,Single Family,2,0,0,1,2306.0,0.4,2.2,1.4,276405
Riverside,5,6,2622,1951.0,73,Single Family,2,1,0,0,7648.0,0.1,1.5,0.1,456367
University,3,3,1354,1980.0,44,Condo,2,0,1,1,9398.0,0.6,5.7,0.6,241008
Downtown,4,6,1705,1979.0,45,Condo,2,1,1,1,7738.0,2.4,0.0,0.4,441721
Suburban,4,5,1950,1993.0,31,Single Family,2,0,0,1,5149.0,0.7,1.2,4.8,376485
Industrial,2,3,1392,1961.0,63,Single Family,2,0,1,1,4909.0,0.6,2.2,1.3,195324
Industrial,5,5,2557,2000.0,24,Single Family,2,0,0,0,3133.0,4.3,0.5,0.2,354573
Hillside,1,2,746,1998.0,26,Single Family,2,0,0,1,2375.0,0.1,2.6,0.9,143274
Industrial,3,4,1933,1973.0,51,Single Family,1,0,0,1,6970.0,2.2,0.2,3.4,252564
Uptown,2,2,1168,1973.0,51,Single Family,0,0,0,0,9272.0,1.0,1.2,4.1,207232
University,1,1,992,2009.0,15,Single Family,0,0,0,1,8477.0,4.3,2.3,0.4,138483
Riverside,3,4,1627,1960.0,64,Townhouse,1,1,1,1,8752.0,0.8,0.6,4.5,292484
Hillside,2,3,1126,1962.0,62,Single Family,2,0,1,0,9895.0,1.8,0.2,1.4,215656
Uptown,3,4,1578,2021.0,3,Single Family,0,0,0,1,11924.0,0.1,6.3,3.4,351877
Uptown,3,3,1846,2023.0,1,Single Family,1,0,0,0,8082.0,4.0,4.9,3.3,377007
Downtown,1,2,972,2021.0,3,Townhouse,1,0,0,1,9034.0,0.6,5.2,4.7,218462
Industrial,2,1,1493,2013.0,11,Single Family,2,0,0,1,9054.0,1.1,7.7,3.6,173489
Suburban,3,3,1772,1969.0,55,Single Family,1,0,0,1,8441.0,0.2,0.4,0.1,226140
Suburban,2,2,977,2021.0,3,Townhouse,0,0,1,1,8057.0,4.4,0.3,2.2,181888
Hillside,4,4,2522,2022.0,2,Condo,0,0,0,1,8300.0,1.7,0.1,0.5,484902
University,3,3,1775,2020.0,4,Townhouse,0,0,1,1,12684.0,0.1,4.4,10.5,293136
Suburban,4,4,2202,1977.0,47,Condo,2,1,0,1,12297.0,0.3,2.8,0.9,427302
Riverside,3,2,1624,1951.0,73,Townhouse,1,0,1,1,2878.0,0.8,2.0,1.6,227797
Suburban,3,3,1922,1992.0,32,Townhouse,2,0,1,1,8655.0,0.4,5.3,0.7,340213
Hillside,3,4,1481,1957.0,67,Single Family,2,0,1,1,8020.0,0.5,1.7,0.4,302324
Suburban,2,2,1421,1962.0,62,Single Family,3,0,1,0,11780.0,9.0,0.3,2.8,234364
Riverside,2,2,884,1984.0,40,Single Family,1,0,0,0,7892.0,1.6,0.4,2.0,146420
Downtown,4,5,2235,1972.0,52,Single Family,0,0,0,1,8754.0,3.8,0.3,1.4,437354
University,3,3,1484,1995.0,29,Single Family,0,1,1,1,6050.0,0.9,0.7,0.3,251053
Hillside,4,5,2155,1964.0,60,Single Family,1,1,0,1,10440.0,1.9,1.0,4.0,411344
Downtown,4,3,2371,1951.0,73,Townhouse,2,0,1,0,4268.0,0.9,3.2,0.0,421560
Downtown,4,3,2264,2010.0,14,Single Family,0,0,0,1,7083.0,0.6,0.4,1.8,473257
Downtown,5,6,2744,2013.0,11,Single Family,1,0,0,0,4837.0,1.1,2.6,3.0,575753
Uptown,3,4,1924,2001.0,23,Duplex,2,0,0,1,7097.0,0.8,1.4,1.7,402644
University,2,3,1195,1985.0,39,Single Family,2,0,1,1,6353.0,5.9,16.0,0.4,179073
Industrial,3,4,1819,2016.0,8,Single Family,0,1,1,0,10510.0,1.0,3.0,4.5,279660
University,3,5,1355,2018.0,6,Single Family,0,0,0,1,7343.0,2.5,6.9,1.2,237965
Uptown,3,2,1562,2016.0,8,Condo,0,0,0,1,12475.0,1.6,0.8,0.4,363621
Industrial,4,3,2378,1996.0,28,Single Family,3,1,1,0,7277.0,1.0,0.3,2.4,334044
University,3,2,1622,1951.0,73,Townhouse,2,0,1,1,4751.0,1.0,1.4,0.1,229264
Downtown,3,3,1326,1993.0,31,Single Family,2,0,0,1,7271.0,0.6,0.3,1.2,313896
Hillside,2,3,1702,2013.0,11,Single Family,3,0,1,0,9430.0,0.2,1.4,4.2,292834
Industrial,3,4,1812,,47,Single Family,2,0,0,1,13059.0,2.1,0.6,7.3,229617
Riverside,2,1,1452,2003.0,21,Townhouse,1,0,0,0,6065.0,3.8,1.4,2.7,234706
Riverside,4,6,1903,2023.0,1,Condo,1,0,0,1,12976.0,0.4,6.0,0.7,435328
Suburban,2,3,1356,2016.0,8,Townhouse,2,0,1,1,7430.0,3.9,0.7,0.7,250471
Industrial,2,2,1351,1985.0,39,Townhouse,2,1,1,1,6664.0,0.4,10.1,2.8,166077
Hillside,1,1,735,2012.0,12,Single Family,1,0,1,0,10326.0,1.1,0.5,1.6,184117
Uptown,3,3,1666,1974.0,50,Townhouse,2,0,1,0,12270.0,0.6,0.5,0.6,395613
Downtown,3,3,1399,1997.0,27,Single Family,3,0,0,1,9671.0,0.2,1.6,4.6,346839
Suburban,2,2,1230,1988.0,36,Townhouse,0,0,1,1,3755.0,0.1,3.7,0.7,224346
Riverside,1,2,1094,1996.0,28,Single Family,2,0,0,1,8999.0,0.7,2.8,1.2,214388
Uptown,3,3,1550,1970.0,54,Single Family,0,1,1,0,14523.0,0.1,2.6,0.2,348980
Uptown,2,2,1681,1979.0,45,Single Family,1,1,0,1,2000.0,0.2,0.7,3.6,309152
Downtown,3,5,1412,1980.0,44,Single Family,1,0,1,1,9120.0,0.2,0.0,1.0,305811
Industrial,3,4,1647,1975.0,49,Single Family,2,1,1,1,7146.0,0.0,0.4,0.8,245680
Riverside,3,5,1568,1971.0,53,Townhouse,2,0,1,1,5192.0,0.2,0.9,1.1,302849
Hillside,2,2,1263,1970.0,54,Single Family,1,0,1,1,11100.0,1.3,7.1,6.2,235891
Uptown,6,6,3174,1950.0,74,Single Family,2,0,0,0,2786.0,2.6,5.0,2.2,555327
Downtown,3,4,1503,1986.0,38,Townhouse,2,1,1,1,,0.3,0.4,0.5,404852
Hillside,3,2,1609,1995.0,29,Single Family,2,0,0,0,11003.0,0.1,2.6,4.5,329533
Industrial,2,1,1430,1958.0,66,Townhouse,0,0,1,1,10660.0,2.0,1.7,0.7,172331
Riverside,3,4,1718,1966.0,58,Single Family,2,0,1,1,9789.0,0.0,0.1,1.6,313782
Industrial,1,2,935,1996.0,28,Duplex,0,0,0,1,8518.0,2.0,0.9,2.5,143419
Uptown,3,3,1506,2008.0,16,Single Family,1,0,1,1,7628.0,0.2,1.3,2.6,332701
Hillside,5,5,2485,,21,Single Family,0,0,0,1,6589.0,0.4,2.2,0.2,512019
Hillside,3,3,1926,1961.0,63,Single Family,1,0,1,1,5086.0,0.2,0.7,5.4,314818
Hillside,1,1,578,2013.0,11,Single Family,2,0,1,0,10439.0,0.4,5.4,2.0,164552
Uptown,1,1,760,1955.0,69,Condo,1,0,0,1,8632.0,2.4,1.2,13.6,112466
Uptown,3,3,1336,2002.0,22,Single Family,1,1,0,1,10528.0,0.2,0.6,3.8,378507
Industrial,2,1,1407,1965.0,59,Single Family,2,0,0,1,5656.0,7.7,0.8,14.7,114331
Suburban,1,3,1145,1954.0,70,Single Family,2,0,1,0,5590.0,0.6,2.8,1.8,147501
Industrial,4,5,2063,2022.0,2,Condo,2,0,1,0,9489.0,3.8,2.0,0.5,261122
Riverside,3,4,1498,1995.0,29,Single Family,1,0,0,1,2000.0,0.3,2.7,3.9,244880
Downtown,2,2,1104,1963.0,61,Duplex,2,1,1,1,2000.0,0.3,0.7,4.5,191071
Hillside,5,5,2440,1993.0,31,Single Family,1,0,0,0,11039.0,1.2,0.8,5.7,483356
Suburban,2,2,1239,2012.0,12,Single Family,3,0,0,0,5878.0,0.1,1.0,1.1,210381
Downtown,5,4,2682,2001.0,23,Single Family,2,1,0,0,8579.0,2.4,0.4,2.1,602783
Suburban,2,2,1166,1975.0,49,Condo,2,1,0,1,9138.0,0.9,2.3,5.8,188790
University,4,5,2187,2002.0,22,Condo,0,0,0,1,11105.0,1.8,0.8,6.0,358370
Industrial,3,4,1638,1978.0,46,Single Family,1,0,0,1,6680.0,0.3,0.8,0.1,178441
Uptown,4,5,1951,1968.0,56,Single Family,0,0,0,0,6844.0,1.5,0.6,3.3,343771
Hillside,6,6,2833,1996.0,28,Townhouse,1,0,1,1,6153.0,1.4,1.2,2.8,564966
Industrial,2,4,1367,1957.0,67,Single Family,1,1,0,0,9863.0,2.1,3.0,0.3,197562
Downtown,5,4,2682,1972.0,52,Single Family,2,0,0,1,9996.0,0.5,3.6,8.0,538968
University,3,3,1649,1984.0,40,Single Family,0,0,0,1,11834.0,4.1,3.3,1.8,262480
University,3,3,1459,2002.0,22,Single Family,2,0,0,1,4260.0,4.9,1.9,3.4,156023
University,2,3,1499,2007.0,17,Single Family,0,0,0,1,14701.0,3.0,0.7,6.4,249024
Downtown,3,5,1520,1954.0,70,Single Family,1,0,0,1,7062.0,1.3,2.7,0.4,312097
Downtown,2,2,1352,1965.0,59,Single Family,2,0,1,1,,0.8,0.1,5.8,246772
Downtown,3,4,1695,1966.0,58,Condo,2,0,1,1,8490.0,0.1,3.2,3.9,337472
Downtown,3,4,1668,1981.0,43,Single Family,1,0,0,0,5267.0,4.4,3.0,5.5,322888
University,4,4,2002,2001.0,23,Townhouse,0,0,0,1,6765.0,4.5,2.2,2.0,292417
University,4,4,2224,1969.0,55,Single Family,2,1,0,0,12381.0,0.0,0.2,0.1,343876
Suburban,3,3,983,2015.0,9,Townhouse,1,1,0,1,12428.0,0.7,11.9,3.3,240287
Industrial,2,4,1527,1950.0,74,Single Family,1,0,1,0,8615.0,3.2,2.8,1.4,153214
Hillside,2,2,1117,2007.0,17,Townhouse,2,0,1,0,11131.0,0.1,2.7,1.5,289981
Uptown,2,3,1381,1993.0,31,Single Family,1,0,1,1,9232.0,0.3,0.1,1.7,314059
University,1,1,971,1955.0,69,Condo,0,0,0,1,7828.0,5.8,1.0,2.0,85681
Uptown,2,3,1554,1999.0,25,Single Family,3,1,1,1,5738.0,2.8,0.2,3.3,382277
Industrial,2,2,1339,2021.0,3,Single Family,2,0,0,0,5415.0,3.6,0.9,3.9,196676
Industrial,5,6,2334,1969.0,55,Duplex,0,0,0,0,5726.0,0.2,1.7,4.5,317677
Uptown,3,4,1379,1963.0,61,Single Family,2,1,0,1,12844.0,0.4,4.2,3.3,361609
University,2,3,1230,1954.0,70,Single Family,0,0,1,1,10619.0,1.4,0.7,4.9,164409
Uptown,3,4,1308,1990.0,34,Condo,2,0,1,1,12322.0,1.0,2.0,0.4,309695
Suburban,2,1,1174,1989.0,35,Single Family,2,1,0,1,9199.0,0.5,0.4,5.4,186444
Riverside,3,4,1641,1983.0,41,Single Family,0,0,0,1,5358.0,3.2,0.9,1.5,293059
University,3,3,1562,1994.0,30,Duplex,0,0,1,1,9809.0,3.5,5.9,2.3,215856
University,3,3,1708,,4,Single Family,0,0,1,1,11809.0,0.5,2.8,1.7,365574
Hillside,3,4,1652,2020.0,4,Condo,2,0,0,1,9919.0,0.3,1.6,1.9,363509
Downtown,6,6,2834,1976.0,48,Single Family,2,0,1,0,4049.0,0.2,0.6,1.0,585630
Riverside,4,5,1615,1993.0,31,Townhouse,0,0,0,0,3577.0,1.0,1.0,0.6,318857
Industrial,3,5,1441,1982.0,42,Single Family,1,0,1,1,9909.0,0.2,0.3,0.3,241084
University,3,3,1828,1982.0,42,Duplex,1,0,0,0,7062.0,1.0,0.9,1.8,287510
Uptown,3,4,1860,1993.0,31,Single Family,1,0,0,0,8937.0,0.9,0.3,0.4,373825
Riverside,2,2,932,1969.0,55,Single Family,1,0,1,1,5829.0,3.2,3.2,0.8,171299
Hillside,3,3,1537,1985.0,39,Townhouse,2,1,1,1,8380.0,0.5,0.2,0.4,344394
Industrial,1,1,1114,1956.0,68,Single Family,2,0,0,1,4699.0,1.2,0.4,0.3,107770
Downtown,3,5,1556,1981.0,43,Townhouse,3,0,0,1,8741.0,2.0,2.3,6.4,358634
Downtown,3,4,1677,2016.0,8,Condo,3,0,0,1,10185.0,1.4,4.7,3.4,465039
Hillside,2,4,1588,1988.0,36,Single Family,2,1,0,1,10351.0,4.6,6.7,7.7,364967
Hillside,5,6,2427,1973.0,51,Townhouse,2,0,1,0,4079.0,1.4,3.6,3.1,423604
Uptown,5,5,2399,2019.0,5,Single Family,3,0,0,1,9406.0,3.5,0.5,5.6,566463
University,4,4,2068,2003.0,21,Single Family,0,0,1,1,6237.0,0.4,0.7,2.4,303364
Downtown,3,4,2070,1987.0,37,Single Family,0,0,0,1,12580.0,1.2,4.1,1.9,472681
Industrial,4,4,2189,2023.0,1,Townhouse,0,0,1,1,10868.0,1.2,4.4,2.3,355029
Riverside,2,2,1303,1981.0,43,Single Family,2,0,0,1,8077.0,6.8,2.0,1.2,191247
Industrial,4,4,1995,1994.0,30,Townhouse,2,1,0,1,14546.0,0.3,0.8,3.2,301106
Suburban,2,3,1407,2010.0,14,Single Family,1,0,0,1,5816.0,0.2,0.5,6.8,229493
Suburban,4,5,2231,2019.0,5,Townhouse,2,1,1,1,7829.0,1.4,3.8,4.6,456742
Hillside,2,2,1085,2002.0,22,Single Family,2,1,0,1,9623.0,0.4,0.5,1.9,284258
Uptown,4,4,2237,2000.0,24,Condo,0,1,0,1,14103.0,1.5,2.2,9.2,501225
Suburban,5,6,2469,2005.0,19,Single Family,1,1,1,1,12390.0,5.4,6.9,12.7,477034
Downtown,2,3,1304,1976.0,48,Single Family,0,1,1,1,10405.0,4.4,2.4,2.0,302315
Industrial,3,3,1523,1987.0,37,Single Family,0,0,1,0,5367.0,0.4,0.6,6.0,193937
Industrial,6,6,2820,2011.0,13,Townhouse,2,0,0,0,5363.0,0.3,0.7,0.0,408886
Hillside,3,2,1493,1967.0,57,Single Family,2,0,0,1,10086.0,1.2,0.2,0.2,291130
University,4,4,1884,2013.0,11,Townhouse,2,1,1,1,4242.0,1.3,2.3,0.1,363789
University,3,4,1775,1979.0,45,Single Family,2,0,0,0,8961.0,1.6,1.5,4.5,233521
Riverside,3,4,1628,1998.0,26,Townhouse,2,0,0,1,10412.0,2.0,0.5,0.2,356435
Hillside,2,2,1040,1990.0,34,Single Family,2,0,0,1,3566.0,1.4,0.5,0.1,171049
Riverside,2,3,1735,1962.0,62,Single Family,2,1,1,1,9943.0,0.2,0.0,0.5,318560
University,4,5,1875,1983.0,41,Single Family,2,0,0,0,10687.0,2.3,7.7,1.1,286033
Hillside,3,4,1918,1974.0,50,Single Family,2,0,1,1,6910.0,0.1,3.5,1.9,344159
Hillside,3,4,1404,2015.0,9,Single Family,1,0,0,1,7530.0,0.0,1.0,0.2,297551
Hillside,3,4,1791,1967.0,57,Condo,2,0,1,1,2637.0,2.2,5.8,2.1,282393
University,3,3,1649,1954.0,70,Duplex,1,0,1,0,7671.0,1.2,2.3,0.9,219903
Riverside,4,4,1974,1968.0,56,Townhouse,2,0,0,1,3423.0,1.8,2.8,1.0,320883
Riverside,6,6,2939,1991.0,33,Single Family,1,0,0,0,5930.0,0.7,2.3,5.2,559109
Hillside,3,3,1712,1967.0,57,Single Family,1,1,1,1,6793.0,0.0,2.8,13.0,317691
Suburban,4,5,1937,1981.0,43,Townhouse,3,0,0,0,4532.0,0.6,0.4,1.9,322968
Uptown,4,5,1928,1970.0,54,Single Family,1,0,1,1,4259.0,1.4,1.7,1.2,374947
University,3,3,1385,1959.0,65,Condo,1,0,1,0,4406.0,0.4,3.8,8.0,165285
Uptown,5,4,2561,1986.0,38,Single Family,0,0,0,0,11662.0,1.7,0.0,2.1,523711
Uptown,2,2,1049,1998.0,26,Duplex,2,0,0,1,7789.0,2.4,0.3,3.9,217851
Riverside,2,2,1300,1962.0,62,Single Family,2,0,0,1,11799.0,0.9,0.6,1.6,206620
Riverside,4,5,2218,2004.0,20,Townhouse,2,1,1,1,6785.0,3.1,0.7,0.7,458000
Suburban,3,2,1741,1966.0,58,Single Family,2,0,0,1,6849.0,2.9,0.4,3.2,256176
Uptown,4,5,1955,1958.0,66,Condo,1,0,1,1,6729.0,3.2,2.0,3.3,370890
Uptown,4,6,2281,1993.0,31,Single Family,0,1,1,0,2000.0,1.6,0.7,1.8,446580
Hillside,1,1,818,1995.0,29,Townhouse,0,1,0,1,9519.0,0.5,0.3,0.9,195158
Riverside,4,4,1833,1957.0,67,Condo,2,0,0,1,7679.0,1.0,4.7,5.3,324013
Uptown,3,2,1643,1986.0,38,Single Family,2,0,0,1,8154.0,1.9,2.4,1.0,323870
Industrial,3,4,1817,1968.0,56,Single Family,1,1,1,0,2000.0,0.4,0.6,3.2,210010
Suburban,3,4,1565,2012.0,12,Single Family,0,1,0,1,,2.0,0.9,1.5,314616
Industrial,5,5,2675,1995.0,29,Single Family,0,1,0,0,6684.0,1.2,2.7,1.9,395495
Industrial,1,2,745,2020.0,4,Single Family,2,0,1,1,8376.0,0.2,3.1,0.7,116838
University,3,4,1573,1975.0,49,Single Family,0,0,0,0,7772.0,1.2,0.4,3.1,244387
University,3,3,1490,1995.0,29,Single Family,0,0,0,0,6543.0,0.1,5.5,0.8,169398
Suburban,4,3,2236,1995.0,29,Townhouse,1,0,0,1,9689.0,0.0,3.1,2.0,362648
Industrial,3,4,1689,1963.0,61,Townhouse,2,1,1,1,11074.0,3.3,3.9,1.2,230146
Uptown,2,3,1104,2012.0,12,Single Family,2,1,0,1,6776.0,1.0,0.3,9.9,306061
Riverside,2,3,1220,2021.0,3,Condo,1,0,0,0,3654.0,1.2,0.3,12.1,261954
Suburban,3,4,1085,1952.0,72,Condo,2,0,1,0,3852.0,0.5,0.7,4.2,187575
Hillside,4,5,2255,,47,Single Family,2,0,0,1,9268.0,1.2,0.1,12.4,436734
Industrial,2,2,1265,1978.0,46,Single Family,3,0,1,1,11887.0,0.3,0.2,0.4,211067
Suburban,2,3,818,1967.0,57,Single Family,0,0,0,0,2559.0,2.1,0.3,14.6,59516
Downtown,5,6,2208,1984.0,40,Townhouse,2,0,0,1,4946.0,2.6,2.5,0.3,508759
Downtown,1,2,815,1996.0,28,Townhouse,1,0,0,0,7002.0,2.9,0.1,1.6,150560
University,6,6,2637,1954.0,70,Single Family,0,0,0,1,2000.0,0.2,0.2,0.8,343038
Riverside,3,3,1858,2008.0,16,Townhouse,2,0,0,0,7710.0,1.2,5.8,9.2,340432
Uptown,4,4,2183,2008.0,16,Single Family,1,1,0,0,,2.5,0.2,3.0,460546
Riverside,2,2,1371,1996.0,28,Single Family,1,0,0,0,9439.0,0.2,1.5,2.7,276274
Riverside,1,1,500,1962.0,62,Townhouse,1,1,0,0,6800.0,0.2,2.1,17.9,71040
Riverside,4,5,1994,1982.0,42,Townhouse,1,0,0,0,6930.0,2.5,6.4,2.8,321373
Riverside,4,5,1960,2011.0,13,Single Family,1,0,0,1,4936.0,2.4,4.6,3.1,403270
Hillside,4,4,1909,1965.0,59,Single Family,1,0,0,0,2686.0,0.9,1.2,0.1,312186
Hillside,2,3,1216,1993.0,31,Condo,2,0,1,0,7437.0,0.2,5.7,5.9,236645
University,4,3,1874,2007.0,17,Single Family,2,0,0,0,9225.0,1.1,1.1,10.5,292736
Suburban,4,3,2143,1955.0,69,Townhouse,0,0,0,1,8048.0,0.8,2.2,9.7,242683
Downtown,3,3,1853,1964.0,60,Single Family,2,0,1,1,11327.0,1.1,0.6,0.7,424214
Riverside,4,5,2236,1953.0,71,Single Family,2,0,0,1,9036.0,0.9,2.0,0.8,386384
University,4,4,2072,2005.0,19,Single Family,0,0,0,1,9978.0,1.3,1.5,1.4,333699
Suburban,3,3,2099,2013.0,11,Single Family,1,0,0,0,8503.0,1.9,1.9,1.1,360321
Downtown,1,1,1127,2017.0,7,Townhouse,2,0,1,0,13577.0,2.2,2.3,1.1,289994
Industrial,3,4,1679,1983.0,41,Single Family,2,0,0,1,6530.0,1.6,0.4,2.8,197414
Uptown,1,1,803,2005.0,19,Single Family,0,0,1,1,10036.0,0.3,0.7,4.9,170285
Hillside,3,4,1967,1981.0,43,Single Family,1,0,1,1,8743.0,0.8,2.7,8.3,383090
Industrial,3,4,1901,1958.0,66,Single Family,2,1,0,1,10214.0,0.1,0.4,0.2,262655
Downtown,1,2,617,2012.0,12,Condo,3,0,1,1,9000.0,0.9,0.8,1.0,230601
Industrial,2,4,1517,2021.0,3,Townhouse,0,1,0,1,7872.0,5.3,2.2,0.9,250849
Uptown,2,1,1269,1982.0,42,Single Family,3,0,0,0,9134.0,1.5,5.6,1.3,251438
University,4,4,1927,1970.0,54,Townhouse,1,0,0,0,9510.0,0.3,0.2,1.7,312014
Downtown,5,6,2104,2004.0,20,Townhouse,1,0,1,1,9900.0,0.5,1.5,1.5,529843
Industrial,1,1,846,2006.0,18,Townhouse,1,0,0,0,12389.0,0.1,0.2,9.1,141049
Hillside,5,6,2497,1951.0,73,Single Family,2,1,0,1,8581.0,0.3,1.0,1.7,483542
Hillside,3,4,2017,1962.0,62,Single Family,1,1,1,1,4707.0,1.0,0.4,2.4,344036
Suburban,2,3,1491,1953.0,71,Single Family,1,0,1,1,8493.0,0.6,2.1,4.1,221363
Industrial,1,3,783,1999.0,25,Condo,2,1,1,0,6665.0,0.3,2.8,3.9,151939
Riverside,3,5,1777,1997.0,27,Townhouse,3,0,0,1,6583.0,0.2,0.6,2.6,345211
Industrial,4,5,2265,1979.0,45,Single Family,1,0,0,1,7035.0,1.6,2.5,5.9,282821
University,4,4,2117,1978.0,46,Single Family,0,0,0,1,5291.0,1.2,1.2,2.9,303426
Downtown,1,2,782,1957.0,67,Single Family,2,1,1,0,2000.0,2.8,0.7,6.2,115965
Downtown,1,1,793,1961.0,63,Single Family,2,0,0,0,12425.0,0.3,1.5,1.1,176726
University,3,3,1777,1990.0,34,Duplex,0,1,1,1,6534.0,2.8,1.0,0.4,258077
Industrial,2,3,1382,1975.0,49,Single Family,3,0,0,1,2856.0,1.3,0.5,5.1,162188
University,2,2,1241,1999.0,25,Single Family,0,0,1,1,8536.0,0.5,2.8,1.4,170364
Uptown,2,2,776,1951.0,73,Duplex,2,0,1,1,9846.0,0.5,3.2,3.2,181954
University,4,4,1841,2004.0,20,Single Family,1,0,1,1,7465.0,0.7,3.2,4.0,314436
Hillside,5,6,2623,2005.0,19,Townhouse,2,0,0,1,4134.0,0.9,1.0,1.2,556920
University,3,4,1273,1963.0,61,Single Family,1,0,0,0,3753.0,0.1,0.4,2.1,151343
Downtown,5,6,2736,1955.0,69,Single Family,2,1,0,1,14844.0,2.8,3.7,6.8,636412
Hillside,2,2,1507,2010.0,14,Single Family,3,0,0,0,3768.0,0.2,0.8,6.4,274757
Downtown,3,4,1708,1961.0,63,Townhouse,1,0,0,0,3112.0,1.0,2.8,4.2,269413
Suburban,2,3,1419,1962.0,62,Single Family,2,1,1,0,7073.0,0.7,3.4,4.3,229563
Riverside,3,3,1805,1968.0,56,Single Family,1,0,0,1,10465.0,1.1,2.9,6.8,316575
Downtown,5,5,2476,1993.0,31,Townhouse,2,0,1,0,12975.0,3.3,1.0,4.0,626790
Hillside,3,3,1425,2008.0,16,Single Family,3,0,0,0,7360.0,6.8,5.6,1.2,274381
Suburban,3,5,1893,1986.0,38,Single Family,2,0,0,1,7318.0,0.0,2.2,0.4,330442
Downtown,3,4,1981,1974.0,50,Single Family,2,0,0,0,4148.0,0.7,1.7,1.6,382912
Uptown,2,4,1058,1965.0,59,Single Family,3,1,1,1,11264.0,2.6,2.4,0.3,270936
University,4,4,1817,1987.0,37,Townhouse,0,0,0,1,7790.0,0.6,0.1,0.4,280954
Riverside,3,4,1672,1992.0,32,Townhouse,1,0,1,1,7888.0,1.6,1.0,9.0,332628
Downtown,3,4,1574,1963.0,61,Duplex,2,0,0,0,9300.0,7.3,4.3,3.4,304004
Suburban,3,4,1728,1955.0,69,Townhouse,1,0,1,0,8905.0,1.6,0.4,5.7,257071
Uptown,3,5,1941,1972.0,52,Single Family,2,0,0,1,7579.0,0.2,1.1,3.1,366685
Industrial,1,1,500,2009.0,15,Condo,2,0,0,1,11962.0,2.8,1.0,1.6,72183
Suburban,3,3,2016,1961.0,63,Single Family,0,0,1,0,3188.0,5.1,0.9,0.1,273393
University,2,3,1218,1962.0,62,Single Family,1,1,1,1,8633.0,1.9,1.7,9.4,173275
Suburban,4,5,2202,1955.0,69,Single Family,1,0,0,1,9221.0,0.8,11.1,0.2,351051
Uptown,4,5,2223,2012.0,12,Single Family,2,0,1,0,6762.0,4.4,0.6,2.8,495756
Suburban,4,4,2247,1987.0,37,Townhouse,1,0,0,1,9849.0,5.2,2.4,0.3,411072
Uptown,3,4,1712,1999.0,25,Single Family,0,0,1,0,9989.0,4.1,2.8,1.0,368366
Downtown,3,3,1759,2001.0,23,Single Family,2,1,0,1,11329.0,0.8,1.8,0.6,464530
Uptown,2,2,1357,1989.0,35,Single Family,2,0,0,1,7665.0,2.3,0.2,2.4,274993
Uptown,4,5,1973,1957.0,67,Single Family,3,0,0,0,7348.0,1.6,1.7,6.5,376284
Riverside,2,3,948,2010.0,14,Single Family,3,0,1,1,9617.0,0.3,6.1,3.0,260239
Uptown,3,3,1456,1957.0,67,Townhouse,2,0,1,1,7407.0,1.2,0.8,3.3,274055
Uptown,2,2,1279,1983.0,41,Single Family,0,0,0,1,3435.0,2.1,2.0,7.2,210361
Industrial,2,2,1142,2009.0,15,Condo,2,0,1,1,10587.0,3.4,6.4,4.2,165859
Downtown,3,3,1543,2006.0,18,Single Family,1,1,0,1,2497.0,3.0,3.2,6.0,321156
University,1,2,1259,1995.0,29,Single Family,2,0,1,1,9205.0,0.3,2.3,1.6,207747
Riverside,4,6,2271,,53,Townhouse,2,0,0,0,15615.0,1.0,7.1,6.0,378947
Industrial,2,2,1249,1989.0,35,Condo,2,0,0,0,9599.0,1.0,0.4,3.1,179296
Hillside,1,2,1034,1994.0,30,Single Family,1,0,0,1,5917.0,3.4,3.0,0.4,194441
Downtown,3,4,1615,2004.0,20,Townhouse,0,0,0,1,6645.0,0.0,1.0,0.1,385276
Downtown,1,2,922,2000.0,24,Duplex,2,0,0,0,9111.0,2.0,0.9,0.8,200702
Hillside,2,2,1388,1954.0,70,Duplex,0,0,1,1,7935.0,1.4,1.5,1.4,246741
University,4,6,2016,1962.0,62,Townhouse,3,1,0,1,10268.0,3.8,0.1,5.5,365081
Uptown,1,1,762,1977.0,47,Townhouse,2,0,1,1,12350.0,0.9,0.7,4.1,187637
Industrial,4,4,2344,2011.0,13,Single Family,2,1,1,0,11943.0,1.6,0.4,9.3,392612
Suburban,1,1,1022,1973.0,51,Condo,3,0,0,1,4532.0,5.4,0.3,2.5,160432
Riverside,2,2,849,1956.0,68,Single Family,2,0,0,1,8047.0,2.0,0.8,4.1,123886
Suburban,4,4,1966,1987.0,37,Duplex,1,0,1,1,9478.0,0.1,3.2,1.0,330327
Hillside,2,2,1143,1986.0,38,Single Family,1,0,1,0,12550.0,0.3,0.4,3.4,263772
Downtown,2,2,1175,2017.0,7,Single Family,2,0,1,1,,2.6,1.5,3.7,245623
University,3,4,1872,1991.0,33,Single Family,2,0,1,1,5948.0,0.6,2.8,5.7,271793
Downtown,2,3,1303,1954.0,70,Single Family,2,0,0,1,9305.0,1.8,0.6,2.3,240352
Riverside,4,4,1822,,11,Single Family,3,1,1,0,13457.0,1.8,5.2,3.1,433760
Downtown,2,3,1223,1999.0,25,Single Family,0,0,0,1,7242.0,7.6,4.0,0.7,225977
Downtown,4,5,2208,1964.0,60,Townhouse,1,0,0,0,5895.0,1.0,0.6,4.0,430195
Riverside,4,5,2056,2022.0,2,Townhouse,0,1,1,0,,2.0,9.1,5.5,441300
Industrial,3,3,1571,2002.0,22,Single Family,2,0,1,0,6047.0,0.1,2.2,2.7,254167
Industrial,5,6,2566,1974.0,50,Townhouse,0,0,1,0,10480.0,0.9,0.7,0.4,357917
Riverside,3,5,2023,1958.0,66,Single Family,0,0,0,1,,0.3,2.3,1.1,284698
University,5,6,2592,1987.0,37,Single Family,2,0,1,0,11877.0,2.8,2.2,1.9,413701
Hillside,1,1,1160,1971.0,53,Townhouse,1,0,1,1,9485.0,2.7,1.9,3.4,213837
Downtown,3,4,1584,1998.0,26,Condo,2,0,1,1,10090.0,0.4,2.5,1.2,397397
University,3,4,1698,2017.0,7,Single Family,1,1,0,1,10068.0,0.6,0.6,5.5,328421
Downtown,3,4,1694,1964.0,60,Single Family,1,0,1,1,,1.8,7.7,1.4,380328
Hillside,3,3,1723,2014.0,10,Single Family,1,0,0,1,7071.0,2.0,3.9,0.1,347262
Industrial,4,4,2188,2003.0,21,Single Family,2,0,1,1,5065.0,1.6,2.7,4.7,297644
University,1,2,716,1979.0,45,Single Family,1,0,1,1,6571.0,8.6,0.1,3.1,93378
Uptown,2,3,1429,1969.0,55,Duplex,1,1,1,1,10779.0,3.0,1.8,4.9,294972
Uptown,4,4,1774,1982.0,42,Condo,1,0,0,1,2700.0,0.8,2.5,1.3,330949
Uptown,3,5,1432,1956.0,68,Townhouse,0,0,0,1,2001.0,0.6,3.8,0.1,217520
Industrial,5,5,2927,1957.0,67,Single Family,2,0,0,1,8673.0,1.4,5.8,0.2,340375
Industrial,4,5,1997,1977.0,47,Townhouse,0,0,0,1,10532.0,2.6,5.0,0.4,278550
Hillside,5,6,2645,1994.0,30,Single Family,3,0,1,0,10939.0,1.0,1.0,4.9,562198
Downtown,4,5,2439,2022.0,2,Single Family,1,0,0,0,5147.0,2.0,4.5,1.1,509001
Hillside,2,4,837,2023.0,1,Single Family,2,0,0,1,4461.0,0.0,0.0,18.5,190941
Hillside,2,2,1525,1960.0,64,Townhouse,2,0,1,0,5941.0,3.9,0.9,4.3,215255
Industrial,4,5,2229,1980.0,44,Condo,2,0,0,1,6821.0,2.2,0.2,2.8,259939
Uptown,3,3,2028,1961.0,63,Single Family,2,0,1,0,6994.0,0.8,4.3,12.3,344744
Suburban,1,2,663,2000.0,24,Single Family,1,0,0,1,8363.0,0.7,5.3,1.1,112026
Downtown,3,4,1990,1993.0,31,Single Family,2,1,0,1,12216.0,0.2,0.6,0.5,509750
Industrial,5,6,2352,1999.0,25,Condo,1,0,1,0,7817.0,2.5,0.9,4.0,352715
Uptown,3,3,1910,1966.0,58,Single Family,1,1,0,1,10812.0,2.2,8.3,1.0,337577
University,3,4,1692,1984.0,40,Single Family,2,0,0,1,9963.0,1.5,1.7,9.7,244323
Suburban,3,3,1854,1950.0,74,Townhouse,1,0,0,1,5869.0,0.2,1.4,13.3,209399
Suburban,2,1,1309,1978.0,46,Single Family,2,0,0,1,9929.0,0.5,1.4,7.8,165002
Industrial,3,4,1332,2000.0,24,Single Family,1,0,1,0,9723.0,0.9,2.4,8.7,214237
Riverside,3,3,1075,2013.0,11,Single Family,2,0,1,1,7998.0,0.5,6.2,2.9,262588
Downtown,1,2,941,1953.0,71,Townhouse,3,0,0,0,8521.0,0.9,0.9,3.5,150443
Suburban,4,4,2047,1977.0,47,Single Family,2,0,1,1,7826.0,0.4,0.4,0.3,331555
Industrial,3,3,1779,1965.0,59,Duplex,2,0,1,1,4723.0,0.6,0.4,4.3,187374
Industrial,4,5,2049,2012.0,12,Townhouse,2,0,1,1,15097.0,1.6,0.0,0.7,343909
Uptown,4,5,2503,2002.0,22,Single Family,3,0,0,1,11166.0,3.3,1.6,5.5,521612
University,2,2,1346,1966.0,58,Single Family,1,0,1,1,9581.0,0.7,5.3,9.8,153409
Riverside,3,4,1610,1989.0,35,Single Family,2,0,0,0,6784.0,1.8,2.5,0.7,304373
Downtown,3,4,1767,1962.0,62,Single Family,1,0,1,1,7724.0,0.2,9.9,0.2,353687
Hillside,4,5,2014,2001.0,23,Condo,0,0,1,1,4485.0,1.2,4.8,2.0,372710
University,2,2,1318,2007.0,17,Condo,0,0,0,0,9409.0,3.8,1.4,4.7,182424
University,3,4,1456,1986.0,38,Single Family,1,0,0,1,9008.0,0.0,1.3,4.4,251885
Uptown,3,4,1698,2010.0,14,Single Family,2,0,0,1,7380.0,0.5,2.0,3.6,388418
Suburban,2,3,1204,,41,Single Family,2,0,0,0,8089.0,0.2,0.2,5.2,188535
Suburban,2,2,1075,2019.0,5,Single Family,2,1,0,1,7104.0,1.1,1.9,0.6,271002
Uptown,3,4,2095,1966.0,58,Single Family,2,0,1,1,6517.0,1.7,1.2,3.2,376892
Industrial,4,5,1883,1969.0,55,Single Family,0,1,0,0,5670.0,0.1,2.1,2.8,268040
Suburban,2,3,1301,2022.0,2,Duplex,1,0,0,1,4937.0,0.1,1.7,0.5,217619
Riverside,3,3,1539,2008.0,16,Single Family,1,1,0,1,5894.0,3.1,0.7,1.6,317060
Downtown,3,4,1759,2018.0,6,Single Family,2,1,0,1,6124.0,0.9,1.9,5.7,427969
University,4,5,1845,1982.0,42,Condo,0,0,0,1,11267.0,0.9,0.9,10.7,258265
University,2,2,1468,1966.0,58,Single Family,2,0,1,1,6144.0,4.3,0.4,3.3,178075
Riverside,4,4,2507,2006.0,18,Single Family,3,0,0,1,2000.0,0.6,2.2,7.7,424879
Suburban,2,3,1132,1950.0,74,Single Family,2,0,1,0,8875.0,3.4,0.7,0.4,187538
University,3,2,1943,1962.0,62,Single Family,2,1,0,1,9870.0,5.5,4.4,11.1,241473
Hillside,1,3,823,1976.0,48,Duplex,2,1,1,0,,0.4,0.4,0.1,218522
Downtown,2,3,1601,2019.0,5,Condo,1,0,0,1,8498.0,1.1,1.8,2.2,364415
Downtown,3,4,2137,2008.0,16,Condo,0,1,1,1,4579.0,1.1,1.7,1.0,464511
University,2,2,1253,1955.0,69,Condo,2,1,1,0,5603.0,3.0,0.4,5.0,179691
Uptown,4,4,1795,1972.0,52,Single Family,2,0,1,1,9800.0,0.5,1.2,0.7,375912
University,1,3,1089,1959.0,65,Condo,2,0,1,1,12377.0,2.4,2.3,0.0,150189
Uptown,3,3,1744,,24,Duplex,0,0,1,0,4571.0,5.3,0.8,1.6,299342
University,2,3,1400,1968.0,56,Single Family,2,0,1,0,8635.0,2.8,0.2,0.2,161747
Hillside,1,1,832,2000.0,24,Single Family,0,0,1,1,6335.0,3.6,1.9,1.0,158464
Industrial,2,2,1123,2017.0,7,Single Family,0,0,1,0,5527.0,1.8,0.5,3.1,155877
Downtown,3,2,1932,1991.0,33,Single Family,1,0,1,1,8104.0,3.5,2.3,1.0,416065
University,3,4,1763,2006.0,18,Single Family,1,0,0,1,7599.0,0.3,3.7,0.8,287904
Hillside,3,5,1411,2017.0,7,Condo,0,1,0,1,2000.0,1.9,0.3,0.5,298878
Uptown,3,3,1837,1987.0,37,Condo,0,0,1,0,8604.0,2.0,1.2,0.4,355554
Uptown,3,3,1797,2011.0,13,Single Family,2,0,0,1,8984.0,0.9,1.2,2.2,389966
Downtown,1,1,834,1956.0,68,Single Family,2,1,1,0,10241.0,0.1,2.0,3.4,206480
Riverside,3,4,2023,2020.0,4,Condo,2,0,0,1,6281.0,1.5,0.8,1.8,415222
University,5,5,2376,1999.0,25,Townhouse,1,0,0,1,3236.0,0.1,1.1,0.4,323784
Suburban,3,4,1666,2001.0,23,Single Family,3,0,1,1,6736.0,0.7,0.0,3.1,332225
Uptown,3,4,1853,1975.0,49,Townhouse,0,0,0,1,,0.8,0.3,2.4,381200
Industrial,2,3,1315,1975.0,49,Condo,0,1,0,1,7772.0,10.2,1.7,1.4,133529
Industrial,4,4,1823,1968.0,56,Condo,2,0,0,1,10547.0,0.5,0.5,1.2,253306
Uptown,4,6,2136,1958.0,66,Single Family,0,0,0,0,4097.0,2.6,0.3,0.6,331542
Riverside,3,3,1617,2010.0,14,Single Family,2,0,1,1,10436.0,0.1,0.8,0.5,353347
Riverside,5,4,2671,1969.0,55,Condo,2,1,0,0,8747.0,1.1,0.4,1.2,470033
Hillside,2,3,1330,1999.0,25,Single Family,3,0,1,1,6935.0,1.2,0.1,0.1,295549
Industrial,1,2,918,1971.0,53,Townhouse,2,1,0,1,11211.0,1.5,0.7,1.7,148121
Hillside,4,4,1890,1962.0,62,Single Family,3,0,1,1,8720.0,2.5,0.4,2.8,364826
Industrial,4,4,2053,1961.0,63,Single Family,0,1,0,1,5047.0,2.2,3.2,8.5,247000
University,2,3,1494,1959.0,65,Single Family,2,0,0,0,10945.0,2.1,0.1,2.9,184258
University,2,2,1144,2014.0,10,Single Family,0,0,0,1,7274.0,0.8,2.8,2.9,159628
Suburban,1,2,893,1979.0,45,Condo,2,0,0,0,8110.0,2.0,1.0,1.4,176809
University,2,3,1112,1957.0,67,Single Family,2,1,0,0,5410.0,1.0,2.2,0.4,176760
Suburban,4,4,1863,1970.0,54,Condo,0,0,1,0,7844.0,0.1,0.1,1.8,309090
University,3,3,1683,1971.0,53,Condo,2,1,0,1,5161.0,3.3,5.1,2.7,228289
Downtown,2,2,1334,1967.0,57,Single Family,0,0,0,1,7483.0,3.3,2.9,3.9,277365
University,3,4,2098,2015.0,9,Townhouse,1,0,0,1,8092.0,0.6,0.3,5.2,359063
Hillside,1,2,808,1997.0,27,Single Family,3,0,1,0,9817.0,3.7,0.5,0.9,180396
Uptown,2,2,1289,1993.0,31,Townhouse,0,0,0,1,3780.0,2.1,2.1,0.8,201539
Hillside,3,4,1449,1958.0,66,Single Family,0,0,0,1,11008.0,0.8,5.1,2.5,267720
Uptown,5,6,2622,,8,Single Family,1,0,0,1,11102.0,0.6,1.2,2.5,579941
Riverside,4,4,2179,2003.0,21,Single Family,2,0,1,0,7433.0,5.5,1.3,0.7,387444
Hillside,1,3,1197,1975.0,49,Townhouse,0,1,1,1,8387.0,1.9,0.5,2.7,263697
Riverside,4,4,2322,1975.0,49,Condo,1,0,0,1,8919.0,0.7,1.0,1.3,418998
Suburban,4,3,2170,1983.0,41,Single Family,2,0,0,0,,1.5,0.7,3.1,337475
Suburban,4,4,2005,1957.0,67,Single Family,0,1,0,1,9810.0,1.3,0.9,1.0,329655
Downtown,3,3,1740,1959.0,65,Single Family,1,0,1,0,6838.0,1.1,0.0,2.7,332123
University,3,3,1677,1997.0,27,Condo,2,0,0,1,5719.0,1.6,0.1,4.4,239219
Hillside,2,1,1490,2004.0,20,Single Family,2,0,1,0,9284.0,1.2,2.3,11.8,269155
Riverside,1,3,1065,2003.0,21,Townhouse,2,0,0,0,3422.0,1.6,2.3,7.3,214650
Uptown,2,3,1240,1989.0,35,Single Family,0,0,0,1,9857.0,3.6,0.8,2.1,233843
Suburban,2,3,1007,1964.0,60,Single Family,3,0,0,1,10167.0,7.5,4.3,2.0,108265
University,3,3,1966,1967.0,57,Condo,3,1,1,1,5653.0,1.9,0.6,1.7,300828
Suburban,4,4,2216,1972.0,52,Townhouse,0,0,1,1,12266.0,3.9,1.0,0.1,388650
Uptown,3,2,1636,2011.0,13,Townhouse,0,0,1,1,6946.0,2.9,2.6,0.5,338944
University,1,2,1008,1995.0,29,Single Family,3,0,0,1,6688.0,0.5,2.7,0.2,119337
University,5,6,2514,1988.0,36,Condo,1,0,0,1,6039.0,4.1,3.9,3.6,359638
Riverside,5,5,2763,1964.0,60,Single Family,2,0,0,1,9344.0,0.1,0.1,1.6,480885
Riverside,4,4,1714,2002.0,22,Condo,2,1,0,1,6825.0,0.6,0.4,0.2,408716
Hillside,6,6,2820,,11,Single Family,2,0,0,1,3688.0,1.5,2.0,3.5,544554
Hillside,3,3,2019,2012.0,12,Single Family,2,1,0,0,9024.0,1.1,0.8,3.1,432797
Industrial,5,5,2612,1965.0,59,Single Family,0,0,0,1,7126.0,1.2,0.1,3.8,332501
Industrial,1,2,1254,2019.0,5,Single Family,1,0,0,0,11257.0,2.4,1.8,2.7,159651
Downtown,3,4,1455,2015.0,9,Single Family,2,0,1,1,8926.0,0.3,1.0,0.5,387899
Suburban,2,2,1514,1962.0,62,Condo,2,0,0,1,8798.0,6.0,0.9,0.2,213237
Hillside,2,1,1502,1996.0,28,Townhouse,2,0,1,1,11043.0,0.9,0.6,5.1,235730
Riverside,2,4,963,1958.0,66,Duplex,3,1,0,0,8480.0,4.5,0.0,0.7,226375
Uptown,3,3,1640,2012.0,12,Single Family,2,0,1,1,10346.0,0.7,0.4,2.3,368683
Riverside,4,3,2078,1983.0,41,Single Family,1,0,0,0,6050.0,1.4,1.3,2.0,352548
Suburban,3,3,1376,1978.0,46,Condo,2,1,0,1,12938.0,0.9,0.6,7.6,254156
Industrial,2,1,1245,1986.0,38,Single Family,1,0,1,1,8826.0,1.7,4.1,2.4,179810
Riverside,4,4,2274,1992.0,32,Single Family,0,0,0,0,4394.0,0.3,0.3,2.6,386212
Downtown,3,4,1621,2013.0,11,Condo,1,0,1,1,8413.0,0.8,4.2,1.2,409251
Suburban,3,3,1748,1973.0,51,Single Family,2,0,1,0,8559.0,0.1,1.0,9.6,287787
Industrial,3,3,1749,,4,Single Family,3,1,0,1,8374.0,1.4,0.6,2.8,302961
Uptown,2,3,1297,1983.0,41,Condo,1,0,1,1,2000.0,4.9,0.7,0.0,197330
Industrial,2,3,1158,1997.0,27,Single Family,1,1,1,0,6355.0,0.1,0.8,2.4,178947
University,5,6,2631,1961.0,63,Condo,2,0,0,0,3851.0,1.6,1.4,1.4,380695
Downtown,2,3,982,1972.0,52,Single Family,2,0,1,1,3894.0,2.2,0.9,0.1,193661
Suburban,3,2,1701,1962.0,62,Townhouse,2,0,1,1,8499.0,0.4,2.1,1.7,289012
Uptown,4,5,2377,1994.0,30,Single Family,2,1,0,0,,0.5,1.1,4.5,502205
Downtown,4,4,2010,2014.0,10,Townhouse,2,0,0,0,6908.0,0.3,2.2,2.1,462012
Industrial,1,3,754,1996.0,28,Single Family,1,0,0,1,5315.0,0.5,1.9,3.1,115952
Downtown,2,2,1445,2007.0,17,Condo,1,0,1,0,12137.0,0.2,0.6,3.1,351127
Suburban,1,3,932,1954.0,70,Single Family,1,0,1,1,8119.0,0.7,3.4,3.3,144319
Hillside,3,4,1849,1954.0,70,Single Family,2,0,1,1,3430.0,0.7,3.2,1.5,289844
Downtown,3,3,1707,2009.0,15,Townhouse,0,0,0,0,9932.0,2.5,9.0,1.4,391356
University,2,3,822,1970.0,54,Single Family,2,1,0,1,6972.0,2.4,0.4,0.0,156852
Downtown,5,6,2735,1973.0,51,Single Family,1,0,1,1,11580.0,2.4,3.8,0.5,596954
Industrial,3,4,2114,1967.0,57,Single Family,1,0,0,1,7975.0,1.3,4.1,9.0,201357
Industrial,2,1,1556,1970.0,54,Single Family,1,0,1,1,5912.0,0.6,2.1,5.5,172765
Uptown,3,4,992,2003.0,21,Single Family,1,0,1,1,,0.8,1.4,1.0,285216
Industrial,3,3,1790,1959.0,65,Single Family,1,1,0,1,6792.0,0.6,6.3,1.5,218182
Riverside,1,1,806,1973.0,51,Single Family,2,0,0,0,9469.0,1.3,7.2,8.4,67017
Suburban,2,2,1083,2009.0,15,Townhouse,1,0,0,1,5644.0,4.2,2.1,0.9,204491
Suburban,4,4,2124,2006.0,18,Single Family,2,0,1,1,11731.0,0.5,0.9,2.3,412925
Hillside,3,4,1670,1972.0,52,Single Family,1,1,1,0,9105.0,0.9,3.4,0.1,357992
Hillside,3,3,1801,1971.0,53,Duplex,2,1,1,1,8673.0,1.6,0.2,2.9,362351
Suburban,3,4,1711,2017.0,7,Condo,2,0,0,1,8219.0,2.8,0.7,8.0,275041
University,1,1,675,1983.0,41,Single Family,3,0,0,1,7939.0,0.4,8.5,6.5,97289
Hillside,2,2,1184,2019.0,5,Single Family,1,0,1,0,4191.0,0.5,3.4,2.1,234893
Uptown,3,3,1552,1977.0,47,Condo,1,0,0,1,8877.0,3.2,5.6,3.1,276418
Industrial,2,2,956,1988.0,36,Single Family,3,0,1,1,13777.0,0.1,1.8,2.5,205624
Suburban,1,1,625,1991.0,33,Single Family,0,0,0,1,10075.0,1.4,1.0,0.2,125660
Hillside,4,4,2057,1972.0,52,Single Family,2,0,0,1,9315.0,3.0,7.8,0.5,380089
Suburban,6,6,3184,2019.0,5,Townhouse,0,0,0,1,3395.0,3.8,0.7,10.0,496896
Riverside,4,4,1992,1951.0,73,Single Family,2,0,0,1,11258.0,0.0,2.8,0.9,335893
Downtown,4,4,1948,1973.0,51,Townhouse,0,0,1,0,10407.0,0.7,1.6,1.5,438471
Industrial,2,2,1063,1966.0,58,Townhouse,3,0,0,1,11502.0,0.4,0.5,2.1,110044
Suburban,5,6,2506,2014.0,10,Single Family,2,0,1,0,5288.0,1.3,0.0,11.6,453719
Downtown,2,4,1535,2019.0,5,Condo,1,0,0,1,6800.0,1.5,1.0,3.5,373050
Hillside,5,5,2900,2018.0,6,Single Family,0,0,0,1,3542.0,12.6,1.6,3.0,535227
Downtown,6,6,2957,2009.0,15,Single Family,1,0,0,0,3289.0,1.1,0.4,2.2,662433
Industrial,4,4,2127,1999.0,25,Single Family,2,0,0,1,6269.0,1.2,1.1,3.6,308300
Suburban,6,6,2791,1961.0,63,Single Family,1,0,0,1,9403.0,0.8,1.9,3.3,445486
Riverside,3,2,1624,1996.0,28,Single Family,1,1,1,0,6750.0,0.2,2.5,7.0,287546
University,2,2,1425,2016.0,8,Single Family,2,0,0,0,5992.0,0.5,0.1,2.3,223391
Hillside,3,3,1637,2014.0,10,Single Family,1,0,0,0,9018.0,0.4,2.2,1.6,352946
Suburban,3,3,1667,1976.0,48,Single Family,0,0,0,0,2000.0,2.4,0.1,4.9,238825
Industrial,1,1,894,1997.0,27,Single Family,0,0,0,1,6372.0,1.2,0.1,4.8,133355
Hillside,3,4,1581,2011.0,13,Townhouse,2,0,0,1,9014.0,0.5,0.3,0.6,334771
Uptown,6,6,2885,1993.0,31,Single Family,3,0,1,0,6789.0,1.0,2.1,0.8,621237
Downtown,2,3,896,1968.0,56,Townhouse,1,1,0,1,11897.0,0.4,0.1,9.6,204243
University,4,4,2209,2008.0,16,Single Family,2,0,0,1,6016.0,0.3,0.0,1.8,350281
Industrial,5,4,2970,1957.0,67,Single Family,0,0,1,1,6223.0,2.9,0.3,2.2,354862
Uptown,5,6,2389,2004.0,20,Single Family,1,0,0,0,5041.0,4.3,6.0,1.1,447219
Suburban,5,5,2574,1996.0,28,Single Family,2,0,0,1,5726.0,0.1,4.8,2.0,440132
Riverside,3,4,1870,,73,Single Family,1,0,0,1,8831.0,2.2,0.2,4.1,278556
Hillside,5,6,2756,1988.0,36,Single Family,2,0,0,1,10424.0,0.9,0.7,2.0,543545
Downtown,4,3,2047,1994.0,30,Duplex,2,0,0,1,14464.0,0.7,5.9,1.1,505118
Hillside,2,4,939,1981.0,43,Duplex,3,0,1,0,9732.0,1.8,0.2,0.3,221511
University,3,3,1753,2014.0,10,Single Family,0,0,1,1,4466.0,0.5,0.2,7.9,257864
Suburban,4,5,2125,1987.0,37,Townhouse,1,0,1,1,11724.0,0.0,0.2,6.2,394395
Hillside,2,2,1230,1960.0,64,Single Family,3,0,0,1,9461.0,0.4,7.5,4.7,221619
Downtown,3,4,1673,1959.0,65,Single Family,1,0,1,1,8086.0,0.3,2.7,3.6,342616
Suburban,3,2,1728,2008.0,16,Townhouse,2,1,0,1,11201.0,0.1,0.5,2.2,376700
Hillside,2,3,1372,2004.0,20,Single Family,1,0,0,1,15103.0,0.6,0.1,6.8,311302
Riverside,3,4,1763,1969.0,55,Single Family,1,1,0,1,7433.0,1.0,6.7,4.7,339911
Industrial,4,6,2056,1966.0,58,Single Family,0,0,0,0,5501.0,2.0,1.1,5.1,256687
Suburban,3,5,1776,2017.0,7,Single Family,2,1,1,1,11982.0,0.6,1.8,1.1,405937
Industrial,1,2,842,1954.0,70,Single Family,2,0,1,1,15968.0,0.3,0.7,1.7,104754
Suburban,1,2,1028,2009.0,15,Single Family,1,1,1,1,8434.0,0.4,2.8,3.7,238313
Riverside,3,3,1574,,52,Single Family,2,0,1,1,8092.0,3.3,0.4,1.4,286426
Industrial,5,5,2514,1995.0,29,Single Family,1,0,1,1,8516.0,0.3,3.1,2.0,395595
Uptown,2,2,975,2001.0,23,Townhouse,0,0,0,1,9347.0,3.2,0.5,3.1,221543
Downtown,3,3,1626,1959.0,65,Single Family,2,0,0,1,3774.0,0.9,0.2,1.7,297677
Uptown,2,2,1413,1995.0,29,Townhouse,2,0,1,0,8917.0,4.1,1.3,4.7,269101
Hillside,2,3,1093,1977.0,47,Townhouse,1,0,0,0,8820.0,0.8,3.4,0.4,206003
Riverside,4,4,2035,1992.0,32,Townhouse,1,0,1,0,8647.0,0.3,1.0,3.8,418081
Uptown,4,5,1618,1975.0,49,Townhouse,3,0,0,1,8501.0,1.2,0.1,0.5,380681
Suburban,1,1,626,2004.0,20,Single Family,2,0,0,0,8288.0,1.3,1.6,8.3,119911
Hillside,3,3,1478,1997.0,27,Single Family,2,0,0,1,2000.0,1.5,2.3,1.1,287894
Hillside,1,2,920,1978.0,46,Single Family,0,0,1,0,5836.0,0.8,2.7,4.8,131073
Uptown,3,4,1766,1976.0,48,Duplex,2,1,0,1,10567.0,0.1,1.0,2.2,385634
Uptown,3,4,1688,1967.0,57,Single Family,1,1,1,1,11271.0,1.5,0.2,0.3,368628
Riverside,2,3,1223,2009.0,15,Single Family,3,1,0,1,6731.0,4.1,1.8,2.6,292319
Downtown,2,2,1224,2023.0,1,Single Family,0,1,1,1,5130.0,4.7,0.8,7.3,330835
Uptown,3,4,1843,2018.0,6,Duplex,1,0,0,1,10150.0,1.4,5.9,0.5,391173
University,5,4,2542,2023.0,1,Single Family,1,1,0,1,8818.0,0.0,1.4,1.2,423564
Uptown,6,6,2833,1970.0,54,Single Family,2,0,0,1,7633.0,0.2,1.3,1.7,565037
Industrial,1,1,1158,1973.0,51,Single Family,2,0,0,1,10585.0,2.7,0.7,1.0,112122
Suburban,4,3,2489,1952.0,72,Duplex,1,1,0,1,4463.0,2.7,0.8,8.6,354445
University,3,3,1450,2011.0,13,Single Family,2,0,1,1,11482.0,4.4,1.4,1.4,290653
University,3,5,1804,1951.0,73,Single Family,2,0,0,1,3493.0,1.2,0.7,3.2,233792
Industrial,4,6,2717,2015.0,9,Townhouse,0,0,0,1,5524.0,3.0,4.5,0.8,368024
Industrial,5,5,2556,1991.0,33,Single Family,2,0,0,0,4877.0,2.6,1.2,0.7,301173
Hillside,5,4,2523,1983.0,41,Condo,3,0,0,0,6252.0,1.3,0.7,0.6,461238
Downtown,3,3,1688,1991.0,33,Single Family,0,0,0,1,8918.0,2.3,0.3,1.7,327385
Suburban,3,3,1798,1969.0,55,Single Family,0,0,0,1,10035.0,0.2,2.2,2.3,276336
Riverside,4,6,2250,2017.0,7,Condo,1,0,0,1,7755.0,1.5,0.1,0.0,500668
University,2,2,1051,1994.0,30,Duplex,0,0,0,1,4167.0,4.6,1.2,5.4,165011
Riverside,3,4,1694,1991.0,33,Single Family,1,0,0,1,2000.0,0.3,1.6,2.2,295588
Uptown,3,3,1246,1996.0,28,Single Family,2,1,1,1,10539.0,2.0,0.8,0.5,342767
Uptown,3,5,1658,1954.0,70,Condo,2,0,0,1,10167.0,0.6,2.8,0.2,337870
Riverside,2,2,1119,1998.0,26,Single Family,0,1,0,1,11212.0,2.5,2.3,0.2,228455
Uptown,2,3,1367,1986.0,38,Condo,2,0,0,1,7602.0,1.8,7.1,0.9,264051
Downtown,5,5,2168,1983.0,41,Condo,2,0,0,0,10004.0,3.9,1.4,2.1,452900
Industrial,2,3,1197,2022.0,2,Single Family,3,0,0,0,6081.0,1.9,1.5,5.9,127110
Uptown,3,3,1893,2019.0,5,Duplex,0,0,1,1,9441.0,0.8,0.6,7.0,404206
Hillside,2,2,1164,1967.0,57,Single Family,2,0,0,1,6560.0,0.0,1.0,5.4,243073
Uptown,1,3,519,1968.0,56,Townhouse,3,0,1,1,5557.0,2.4,0.1,1.2,146213
Suburban,1,3,951,1989.0,35,Single Family,2,0,0,1,8695.0,0.8,2.3,1.1,191357
Downtown,2,3,1182,1966.0,58,Condo,1,0,1,1,8539.0,1.7,0.7,13.1,238814
Suburban,4,5,2062,2009.0,15,Townhouse,0,0,1,1,10734.0,0.2,1.6,3.4,423256
Suburban,2,3,1154,1991.0,33,Townhouse,2,1,0,0,4146.0,3.3,0.6,1.1,192726
Hillside,5,4,2894,2021.0,3,Condo,1,0,0,1,10781.0,0.9,1.9,1.2,561136
Downtown,3,3,1388,2014.0,10,Single Family,3,0,0,1,8389.0,3.8,1.2,1.7,346915
Downtown,3,3,2266,2002.0,22,Single Family,2,0,1,0,11203.0,1.8,1.3,2.9,467612
Downtown,3,4,1621,1956.0,68,Condo,1,0,0,1,11172.0,0.2,5.7,6.8,376659
Downtown,3,3,1736,1954.0,70,Townhouse,2,1,0,1,2000.0,1.3,2.4,0.7,335919
Downtown,4,4,1985,1973.0,51,Condo,0,1,0,1,11145.0,3.6,0.6,0.3,444676
Hillside,2,3,1176,1977.0,47,Condo,1,0,0,1,11279.0,2.4,1.4,1.6,233500
Uptown,3,4,1543,2011.0,13,Single Family,2,0,1,1,4225.0,0.8,1.3,0.8,343940
Suburban,4,4,2220,1966.0,58,Single Family,2,0,1,1,3314.0,4.7,3.2,2.6,345790
Downtown,5,5,2217,1969.0,55,Single Family,1,0,0,1,10324.0,0.5,3.6,3.6,536543
University,4,4,2172,1952.0,72,Townhouse,2,0,0,0,8340.0,0.7,0.7,1.1,316245
Uptown,3,3,1263,1986.0,38,Single Family,1,1,0,1,6072.0,2.1,3.4,3.5,295761
Uptown,4,4,2154,1964.0,60,Townhouse,1,0,1,1,12316.0,0.4,0.4,1.3,447215
Suburban,3,4,1869,2000.0,24,Single Family,1,0,1,1,8907.0,1.1,2.9,3.0,330093
Hillside,3,4,1445,1997.0,27,Single Family,1,0,0,1,2000.0,2.0,0.6,3.0,271728
Riverside,2,3,1435,1957.0,67,Single Family,3,1,0,1,4947.0,1.5,0.7,1.0,247066
Riverside,3,3,1710,1962.0,62,Single Family,2,0,1,0,11127.0,0.3,3.8,3.0,299016
Uptown,2,3,1619,1997.0,27,Townhouse,2,0,0,1,8107.0,1.5,1.1,1.4,315119
Industrial,2,2,1128,1952.0,72,Single Family,2,0,0,1,5840.0,1.3,9.3,1.2,77935
Industrial,4,4,2663,2014.0,10,Single Family,0,0,0,1,9357.0,1.2,0.3,1.0,352624
Suburban,2,3,821,2022.0,2,Single Family,1,0,0,1,6176.0,2.6,1.2,1.3,153541
Riverside,1,1,834,1980.0,44,Townhouse,2,0,0,1,4258.0,0.3,2.6,4.6,104816
Uptown,1,1,560,1975.0,49,Condo,3,0,1,1,11050.0,2.1,0.0,0.8,140008
Hillside,5,6,2870,2005.0,19,Single Family,2,0,0,1,11502.0,2.1,0.3,3.4,593712
Riverside,3,3,1647,1983.0,41,Townhouse,1,0,0,1,9443.0,1.9,0.0,6.9,303213
Uptown,3,4,1665,1958.0,66,Single Family,1,0,0,1,3396.0,1.1,9.9,1.3,270978
Uptown,4,3,2188,2011.0,13,Single Family,0,0,1,1,13550.0,0.8,2.9,0.1,497276
Downtown,4,5,2099,1962.0,62,Townhouse,0,0,0,1,13448.0,0.8,0.9,0.1,502421
Hillside,2,2,1181,2018.0,6,Single Family,1,0,0,0,11819.0,2.0,0.3,0.5,308758
Downtown,3,2,1448,1990.0,34,Townhouse,2,0,0,1,8911.0,1.0,0.2,0.3,326890
Suburban,4,5,2133,1950.0,74,Single Family,1,0,1,0,8273.0,0.6,1.5,4.1,345673
Downtown,3,3,1775,1996.0,28,Duplex,2,1,0,0,9311.0,1.5,7.5,1.0,412343
University,2,2,1439,1953.0,71,Single Family,2,0,0,1,4575.0,2.7,2.2,3.2,117743
Downtown,4,3,2482,2012.0,12,Single Family,1,0,0,0,6365.0,0.1,0.9,0.1,539731
University,3,3,1265,2001.0,23,Condo,2,0,0,1,6241.0,5.4,1.4,1.1,189107
Riverside,2,2,1286,1959.0,65,Single Family,1,0,1,0,9821.0,0.2,13.6,0.8,175065
Industrial,3,2,1938,1977.0,47,Single Family,2,0,1,1,8741.0,1.1,1.5,1.0,231822
Uptown,1,3,875,1955.0,69,Single Family,2,0,0,0,5125.0,1.2,6.7,0.6,100007
University,2,1,832,1976.0,48,Single Family,2,0,0,0,3222.0,0.2,0.0,2.9,137382
Hillside,4,4,1841,1961.0,63,Single Family,3,0,0,1,9066.0,3.7,2.6,3.3,318943
Downtown,1,1,965,2011.0,13,Single Family,0,1,0,1,4810.0,1.0,2.0,0.5,223432
University,3,3,1758,2001.0,23,Townhouse,2,0,1,1,4234.0,0.2,2.3,4.1,227873
Hillside,3,5,1834,1997.0,27,Single Family,2,0,0,0,14289.0,1.9,1.7,0.9,388981
Industrial,1,1,743,2016.0,8,Townhouse,2,1,0,1,14929.0,1.6,0.1,1.0,142693
Industrial,5,6,2551,1995.0,29,Single Family,2,0,1,1,6652.0,4.9,0.3,5.3,354672
Downtown,2,2,1110,2023.0,1,Single Family,2,1,0,0,2529.0,0.9,5.1,6.9,243342
Suburban,2,3,1351,1964.0,60,Single Family,2,1,0,1,11632.0,0.5,0.5,5.2,275211
Downtown,2,3,1310,2020.0,4,Single Family,1,1,1,1,9008.0,0.1,9.9,0.5,336955
Riverside,2,3,1135,1985.0,39,Single Family,1,0,1,1,,2.0,2.3,21.7,189890
University,1,2,1211,1963.0,61,Single Family,2,0,1,1,6095.0,1.4,1.2,3.3,155387
Uptown,4,5,1758,1952.0,72,Single Family,2,0,1,1,4885.0,5.4,5.1,2.1,352792
Suburban,5,5,2471,2016.0,8,Single Family,3,0,0,1,7281.0,1.9,3.2,9.3,429956
Downtown,2,2,1131,1968.0,56,Single Family,0,0,0,1,8522.0,4.1,1.1,5.1,217699
Hillside,3,5,2066,,21,Single Family,1,0,0,1,5805.0,7.2,0.1,3.5,357383
Suburban,4,4,2219,2018.0,6,Townhouse,2,0,1,1,11889.0,0.8,4.1,5.5,408415
University,4,4,1970,1959.0,65,Single Family,2,0,0,1,2787.0,0.2,2.9,1.5,252942
Suburban,3,4,1644,1982.0,42,Single Family,3,0,0,1,9227.0,0.3,3.1,3.5,271163
University,2,2,1672,1962.0,62,Single Family,1,0,1,1,,0.6,2.7,0.6,235061
Downtown,2,4,1110,2000.0,24,Single Family,0,0,0,1,11656.0,1.1,0.6,13.3,303105
University,4,5,1747,1981.0,43,Single Family,1,0,0,0,5122.0,0.2,3.9,2.7,245806
Suburban,4,5,2158,1973.0,51,Condo,1,0,0,1,10117.0,0.5,0.0,5.0,312828
Hillside,2,3,1362,1984.0,40,Townhouse,3,0,0,1,9431.0,0.6,0.5,1.6,262458
Industrial,3,2,1833,2019.0,5,Townhouse,1,0,0,1,8732.0,0.0,0.1,4.3,284403
Suburban,5,5,2634,1989.0,35,Condo,1,0,0,1,5340.0,0.7,0.2,1.5,426377
University,4,4,2454,2003.0,21,Single Family,1,0,0,1,5680.0,0.2,1.5,2.7,377691
Industrial,6,6,2556,,31,Single Family,1,0,0,1,7111.0,0.8,0.1,4.5,393256
University,4,5,1859,2011.0,13,Townhouse,2,1,0,1,6492.0,0.3,0.4,0.4,354266
Hillside,3,5,1832,2017.0,7,Single Family,0,0,0,1,11780.0,2.6,0.5,1.3,428452
University,3,3,1478,1982.0,42,Single Family,1,1,0,1,8406.0,0.1,2.1,2.4,234866
Downtown,3,3,1408,2005.0,19,Townhouse,3,0,0,0,10384.0,3.0,1.3,1.2,382125
Uptown,1,3,1273,,39,Townhouse,0,0,0,1,3646.0,1.3,1.2,1.1,199484
Suburban,3,3,1376,2003.0,21,Single Family,2,0,1,1,2474.0,0.9,2.9,1.0,223550
Uptown,4,4,2029,1968.0,56,Single Family,1,0,1,1,7466.0,1.2,1.2,0.8,437257
University,2,2,1288,1992.0,32,Townhouse,2,0,0,1,4165.0,0.7,0.9,5.7,174039
Hillside,4,6,2361,1961.0,63,Condo,0,0,0,0,8119.0,0.2,6.6,7.7,388539
Suburban,3,4,1326,1960.0,64,Townhouse,1,0,0,1,5470.0,2.2,0.0,3.6,207790
University,5,6,2583,2019.0,5,Duplex,2,0,1,1,8918.0,3.9,0.7,0.1,410896
Industrial,1,2,721,1961.0,63,Single Family,1,0,1,1,5651.0,4.5,1.9,4.6,50000
Riverside,2,2,1425,1990.0,34,Single Family,2,0,0,0,9683.0,1.7,3.1,2.3,247976
University,3,3,1518,1974.0,50,Single Family,1,1,1,1,5357.0,0.8,3.4,4.3,201633
Uptown,2,3,1614,1952.0,72,Single Family,2,0,1,0,2407.0,1.0,0.1,1.7,232526
Suburban,4,4,1919,1952.0,72,Condo,3,0,0,1,10558.0,1.6,2.5,0.1,286954
Uptown,4,5,1607,1977.0,47,Duplex,0,0,0,1,5693.0,2.6,2.5,3.4,338448
Suburban,2,4,1142,1972.0,52,Single Family,1,1,0,0,12117.0,0.7,0.5,1.8,266479
University,3,4,1647,1997.0,27,Single Family,2,0,0,1,6075.0,3.7,0.2,6.2,218038
Downtown,3,4,1916,2016.0,8,Single Family,2,1,0,1,5532.0,0.6,2.8,4.0,507861
Industrial,3,4,1448,1991.0,33,Condo,0,0,1,1,7147.0,1.1,0.6,1.3,222515
University,5,6,2252,1989.0,35,Single Family,1,1,0,1,6318.0,4.9,0.0,3.9,368696
Uptown,4,4,2292,1955.0,69,Single Family,1,0,0,1,8378.0,4.2,0.5,2.1,373870
Riverside,3,2,1424,1969.0,55,Single Family,0,0,1,1,9207.0,1.8,0.1,0.7,220529
Riverside,4,4,2064,1960.0,64,Single Family,3,0,0,1,9662.0,0.6,0.6,1.6,373122
Hillside,3,4,1668,1976.0,48,Condo,2,0,0,1,7742.0,0.4,0.8,0.8,318347
Suburban,5,5,2543,1970.0,54,Single Family,2,1,0,1,3497.0,0.1,0.6,0.0,416092
Uptown,3,4,1550,1962.0,62,Single Family,1,0,0,0,13170.0,1.8,5.0,0.9,310694
Hillside,4,4,1914,1984.0,40,Single Family,0,0,0,1,6892.0,1.1,0.5,0.7,350108
Uptown,4,5,2166,1996.0,28,Single Family,2,1,1,1,6735.0,1.3,1.3,0.0,485480
Suburban,2,2,1120,1977.0,47,Townhouse,0,0,0,1,7733.0,1.0,6.3,4.6,156876
University,4,5,1828,1970.0,54,Single Family,1,1,0,0,7216.0,1.0,4.2,0.2,338055
University,2,3,1545,1967.0,57,Single Family,1,0,0,1,2752.0,1.3,0.7,1.8,133069
Riverside,2,2,1397,1980.0,44,Condo,2,1,1,0,9724.0,3.7,0.8,1.6,280634
University,2,2,1653,2009.0,15,Single Family,1,0,1,1,5538.0,0.0,1.8,0.6,244899
University,5,6,2656,1986.0,38,Townhouse,1,0,1,1,7028.0,2.4,5.0,10.2,384084
Downtown,4,4,1846,1970.0,54,Single Family,2,0,0,1,13278.0,0.7,0.0,2.8,445466
Riverside,4,4,2119,,61,Single Family,2,0,1,1,10833.0,2.0,1.0,5.0,425164
Hillside,4,6,1896,2009.0,15,Townhouse,0,0,1,1,12836.0,4.5,3.8,2.1,441272
Industrial,3,4,1369,1972.0,52,Condo,2,0,1,1,5968.0,0.5,1.1,3.8,156194
Downtown,5,6,2410,1978.0,46,Single Family,1,1,0,0,10190.0,0.1,2.5,10.5,572468
Hillside,3,3,1896,1996.0,28,Single Family,1,1,0,1,9209.0,0.4,2.4,1.3,391620
Suburban,3,3,1754,1979.0,45,Single Family,2,1,0,1,7836.0,0.4,0.5,2.1,297174
Downtown,2,3,1021,1987.0,37,Single Family,1,1,0,1,5748.0,2.0,1.2,2.2,257328
Hillside,4,5,2003,1976.0,48,Single Family,1,0,1,1,11253.0,0.1,1.7,14.5,401149
Suburban,4,5,2071,1964.0,60,Townhouse,2,1,0,1,6457.0,0.1,2.5,0.8,350203
Riverside,3,3,1362,2008.0,16,Single Family,3,1,0,1,8408.0,1.8,3.5,3.4,316176
Industrial,1,1,1042,1952.0,72,Single Family,2,0,0,0,10739.0,1.2,2.9,0.4,78474
Suburban,4,4,2054,1959.0,65,Single Family,0,0,0,1,5069.0,0.8,0.1,7.9,307758
University,1,1,621,1966.0,58,Single Family,1,1,0,0,4734.0,1.3,2.2,2.7,70141
Uptown,4,3,1810,1960.0,64,Townhouse,1,0,0,1,15548.0,2.0,1.4,5.9,380601
Suburban,5,4,2720,1997.0,27,Single Family,1,0,1,1,5419.0,0.2,1.7,6.8,423513
Suburban,3,5,1623,1954.0,70,Single Family,1,0,0,1,12850.0,1.2,0.9,2.4,253685
Industrial,2,2,1538,2018.0,6,Duplex,2,1,1,1,7840.0,2.6,2.5,3.4,225701
Uptown,4,5,2414,2013.0,11,Single Family,0,1,0,1,6722.0,0.7,2.2,3.6,520062
University,4,5,2304,1963.0,61,Single Family,1,0,1,1,7020.0,2.2,1.7,1.9,311707
Hillside,3,4,1593,1999.0,25,Single Family,2,0,0,1,7813.0,2.8,4.0,1.7,325501
Hillside,5,5,2000,1975.0,49,Duplex,1,0,0,1,12013.0,2.6,0.2,0.6,380634
Suburban,1,2,962,2021.0,3,Duplex,3,0,0,0,10268.0,1.6,0.7,1.5,242240
Uptown,3,4,2118,2018.0,6,Single Family,1,0,0,0,7365.0,1.9,1.4,14.1,402587
Uptown,4,5,2092,1956.0,68,Single Family,2,0,0,1,2402.0,2.3,6.4,0.9,328230
University,4,5,1702,1965.0,59,Condo,2,1,1,1,8061.0,2.0,0.1,4.3,312495
Industrial,2,4,1165,2004.0,20,Single Family,2,0,0,1,8398.0,0.9,0.8,0.2,163242
Riverside,4,5,2063,2005.0,19,Single Family,0,0,0,1,11775.0,0.3,5.2,1.9,422638
Hillside,3,3,1480,1953.0,71,Condo,3,1,1,0,3589.0,0.6,4.6,0.2,243539
Industrial,3,4,1187,1997.0,27,Single Family,0,0,0,1,6519.0,0.3,4.0,1.9,166950
Downtown,2,1,1280,1966.0,58,Single Family,0,0,0,1,6424.0,0.7,0.7,0.1,212530
Hillside,4,5,1943,1985.0,39,Condo,1,0,1,1,7832.0,1.0,3.8,2.9,375631
Industrial,2,2,1654,2019.0,5,Single Family,0,0,0,1,8273.0,4.8,1.4,2.6,226333
Hillside,2,2,1320,1987.0,37,Single Family,0,1,1,1,9315.0,4.8,1.9,4.8,295023
Riverside,2,3,1393,2011.0,13,Single Family,1,1,1,1,2315.0,2.2,0.5,2.6,263378
Downtown,4,5,2076,1997.0,27,Single Family,1,0,1,0,8518.0,5.9,2.5,7.8,463284
Riverside,3,3,1718,1959.0,65,Single Family,2,0,1,1,8736.0,9.3,0.8,4.6,243948
University,4,4,1769,1985.0,39,Single Family,0,0,0,0,8225.0,3.2,0.8,0.4,266024
Downtown,2,3,1091,1978.0,46,Townhouse,2,0,0,0,7467.0,0.1,2.0,0.9,253202
Suburban,3,3,1917,1953.0,71,Condo,3,0,1,0,2000.0,0.8,0.5,0.1,259617
Industrial,3,4,1741,1993.0,31,Single Family,1,0,0,0,9704.0,1.1,0.5,1.5,229503
Downtown,4,3,2020,2005.0,19,Townhouse,2,0,0,1,,0.2,0.9,2.1,442443
University,5,6,2597,1991.0,33,Townhouse,3,1,1,0,9841.0,2.5,3.0,8.8,417112
University,1,2,1001,1962.0,62,Townhouse,0,1,0,0,11750.0,0.2,0.5,2.2,147407
Riverside,3,3,2098,1995.0,29,Single Family,1,0,0,1,2971.0,0.7,3.1,4.6,322297
Hillside,1,1,932,1982.0,42,Condo,2,0,0,1,9749.0,0.1,2.4,0.9,177518
Downtown,3,3,1487,1970.0,54,Single Family,3,0,0,1,4293.0,1.1,2.3,0.5,272988
Industrial,2,3,1276,2006.0,18,Single Family,2,0,0,1,7872.0,1.4,1.3,5.0,127366
Downtown,2,3,1421,2018.0,6,Single Family,0,0,1,1,7622.0,2.0,2.7,0.9,359517
Uptown,3,4,1899,2019.0,5,Townhouse,3,0,1,1,10269.0,0.6,0.0,6.2,445832
Hillside,3,3,1376,2016.0,8,Single Family,0,0,1,0,9823.0,1.3,0.7,0.6,322052
Industrial,2,2,1350,1997.0,27,Single Family,1,0,0,1,8786.0,2.0,2.3,5.7,156729
Industrial,4,3,1920,1982.0,42,Townhouse,1,0,0,0,3069.0,2.2,8.7,4.4,197218
Suburban,3,3,1586,1985.0,39,Condo,1,0,0,0,2000.0,0.5,0.0,2.8,209540
Riverside,1,2,1069,1982.0,42,Townhouse,2,0,0,1,10736.0,0.1,1.4,5.7,219237
Suburban,4,5,2249,1980.0,44,Single Family,2,0,0,1,10239.0,0.1,5.1,1.2,370360
Industrial,2,3,1164,1970.0,54,Single Family,2,0,0,1,5007.0,2.2,4.0,0.5,97789
Hillside,3,3,1668,1976.0,48,Townhouse,0,0,0,1,9042.0,0.7,0.0,0.5,322792
Downtown,3,5,1592,2021.0,3,Single Family,2,0,0,1,7372.0,0.2,1.5,0.9,440462
Downtown,2,3,1878,2011.0,13,Townhouse,2,1,1,1,11259.0,0.3,0.0,1.8,475492
Hillside,1,3,955,1975.0,49,Single Family,1,0,0,0,8250.0,2.2,3.1,6.3,184635
Industrial,3,4,1532,2015.0,9,Condo,3,0,1,1,10701.0,1.4,0.7,0.3,266693
University,5,5,2764,1961.0,63,Single Family,2,0,0,1,,1.0,2.9,7.4,367684
Downtown,3,2,1971,1971.0,53,Single Family,2,1,0,0,8855.0,1.5,5.8,7.8,395326
University,3,4,2058,1966.0,58,Condo,0,1,0,1,6761.0,0.2,7.5,3.9,287275
Downtown,3,3,2117,1956.0,68,Single Family,2,0,0,1,6144.0,0.6,4.5,6.9,394914
Downtown,2,2,1441,2017.0,7,Single Family,3,0,0,0,2000.0,0.7,0.5,4.4,310970
Riverside,3,4,1630,1986.0,38,Condo,1,0,0,1,10770.0,0.6,0.4,2.3,328690
Riverside,4,5,2059,1987.0,37,Single Family,2,1,1,1,13249.0,3.0,2.0,2.8,452499
Uptown,2,3,1241,1960.0,64,Single Family,1,0,0,0,3836.0,1.3,1.6,3.0,199717
Suburban,2,2,1219,1950.0,74,Single Family,2,1,0,1,10080.0,2.0,0.0,0.4,189606
Hillside,2,2,1547,1974.0,50,Single Family,2,0,0,1,9955.0,0.4,1.0,0.6,249357
Hillside,3,4,1700,1991.0,33,Single Family,2,0,0,1,6456.0,0.5,4.7,2.2,330191
Hillside,6,6,3094,2001.0,23,Townhouse,2,1,1,0,5787.0,0.4,4.6,0.4,611046
Uptown,1,2,1035,1973.0,51,Townhouse,1,1,0,1,11541.0,1.7,0.5,10.1,190220
Riverside,3,5,1480,2002.0,22,Single Family,1,0,0,1,11225.0,0.6,1.0,2.1,363794
Industrial,2,3,956,2005.0,19,Single Family,2,0,0,1,9354.0,0.8,1.6,1.4,95674
University,5,6,2252,2012.0,12,Condo,0,0,1,1,6440.0,1.9,3.8,0.5,382547
University,2,2,1214,1957.0,67,Duplex,1,0,0,1,11268.0,5.4,1.5,1.6,129707
Industrial,3,4,1726,2008.0,16,Single Family,0,0,1,0,5490.0,0.3,6.9,1.1,211135
Uptown,4,5,1970,1994.0,30,Condo,0,0,0,0,12261.0,0.1,3.2,0.3,442900
Industrial,4,5,2240,1976.0,48,Townhouse,2,0,1,1,12896.0,0.3,6.1,10.2,349730
Hillside,3,3,1594,2001.0,23,Single Family,2,0,1,1,11544.0,2.0,2.6,0.9,367563
Suburban,2,3,1351,1967.0,57,Single Family,0,0,1,1,9028.0,0.3,4.2,3.5,183972
Downtown,3,3,1723,1965.0,59,Single Family,1,0,0,1,2000.0,1.3,3.6,0.3,295528
University,2,3,1646,2015.0,9,Condo,0,0,0,1,7445.0,1.3,0.6,7.3,237983
Riverside,2,2,1104,1954.0,70,Townhouse,1,0,0,0,13294.0,0.5,0.5,2.7,151186
Riverside,3,4,2141,,72,Townhouse,0,0,0,1,10811.0,0.1,4.0,3.2,342706
Uptown,2,2,1181,2019.0,5,Single Family,1,0,0,0,9305.0,0.8,0.2,4.6,260422
Riverside,2,1,1031,1956.0,68,Townhouse,2,0,1,0,5957.0,0.3,1.1,2.8,164616
Hillside,3,3,1656,1999.0,25,Townhouse,2,0,0,1,11073.0,0.3,3.4,0.2,345870
University,5,6,3148,1963.0,61,Condo,1,0,0,1,3281.0,1.1,3.4,1.7,438756
Industrial,3,3,1879,1987.0,37,Single Family,2,0,1,0,7487.0,1.7,0.3,0.9,250840
Hillside,1,1,1020,1996.0,28,Townhouse,3,0,0,1,13219.0,0.1,1.3,2.0,233258
Uptown,1,2,1059,1982.0,42,Single Family,1,1,1,0,5586.0,1.3,1.3,1.6,249662
Hillside,5,5,2346,1992.0,32,Townhouse,1,1,1,1,9827.0,0.4,0.8,5.3,523067
Industrial,2,4,1365,1978.0,46,Townhouse,2,0,1,0,2728.0,1.7,5.0,0.9,186178
Suburban,1,3,900,2006.0,18,Single Family,1,0,1,1,6043.0,2.5,2.1,0.7,142214
Uptown,3,4,2061,1954.0,70,Townhouse,2,0,0,1,8538.0,2.5,7.8,9.5,301458
Suburban,3,3,1678,2009.0,15,Single Family,2,0,0,1,9060.0,0.7,0.1,9.0,308835
Downtown,3,4,1624,2019.0,5,Condo,1,0,0,0,14202.0,1.3,1.0,15.1,448900
Suburban,2,1,1067,1951.0,73,Single Family,2,0,0,0,6487.0,2.4,3.6,2.5,95706
Downtown,1,1,928,,5,Townhouse,2,0,0,1,9783.0,0.1,1.1,0.4,239630
Downtown,5,5,2558,1992.0,32,Condo,0,1,1,1,9699.0,1.4,0.6,6.4,574101
Suburban,2,4,1059,1953.0,71,Single Family,0,0,0,0,6233.0,2.7,12.2,0.5,115505
Uptown,3,2,1790,2005.0,19,Single Family,2,0,0,1,10867.0,0.7,4.1,0.5,380259
Industrial,4,5,2146,2008.0,16,Single Family,3,0,1,1,10004.0,0.9,1.6,0.6,341275
Hillside,3,4,1902,1958.0,66,Single Family,2,0,0,1,7179.0,1.8,1.6,3.2,311748
Hillside,2,2,1542,1952.0,72,Single Family,3,0,0,0,8584.0,0.1,0.0,0.3,243516
Industrial,2,1,1318,1997.0,27,Townhouse,1,0,0,1,5121.0,0.7,7.9,4.5,153812
University,3,5,1492,1992.0,32,Condo,1,0,1,1,5343.0,0.5,3.3,0.2,245071
University,4,5,1933,1950.0,74,Condo,1,0,1,0,7935.0,0.0,0.1,0.4,287092
Downtown,5,6,2852,2006.0,18,Single Family,0,0,1,1,10242.0,0.3,0.4,1.7,678467
Downtown,2,2,1333,2002.0,22,Townhouse,2,0,0,1,6999.0,0.8,3.4,1.4,308221
Uptown,2,2,1649,1965.0,59,Condo,3,0,1,1,6150.0,0.3,0.2,13.7,319475
Riverside,5,5,2599,2000.0,24,Single Family,2,1,0,1,7307.0,1.4,5.7,10.2,510508
Suburban,4,3,2250,2004.0,20,Single Family,2,0,0,0,10485.0,0.9,18.2,0.6,365575
Downtown,4,4,2287,1950.0,74,Single Family,1,0,0,1,3944.0,0.1,4.4,8.8,395048
Hillside,2,3,1055,1977.0,47,Condo,0,1,0,0,10584.0,0.5,2.7,3.5,234149
Uptown,3,3,1761,2002.0,22,Single Family,1,0,0,0,9535.0,0.0,1.3,1.6,343187
Suburban,4,4,1852,2007.0,17,Townhouse,2,0,1,1,3930.0,0.7,0.2,4.0,321145
Uptown,3,4,1643,2022.0,2,Single Family,1,0,0,1,7294.0,0.4,2.6,6.9,391416
Suburban,3,4,1828,2009.0,15,Duplex,3,0,0,1,9908.0,1.7,1.0,0.6,312022
Suburban,1,1,694,,16,Single Family,2,0,0,0,2268.0,0.6,1.7,0.7,133858
Industrial,3,4,1811,1971.0,53,Townhouse,0,0,0,1,4894.0,0.7,0.7,1.6,205545
Downtown,2,2,1000,1957.0,67,Single Family,0,1,0,0,3431.0,1.9,0.6,0.6,157846
Uptown,3,2,1928,1998.0,26,Single Family,2,0,1,0,6266.0,1.0,0.8,1.3,367440
Uptown,5,4,2367,1991.0,33,Townhouse,1,0,1,1,11113.0,1.2,3.4,3.1,516240
Industrial,3,4,1494,1976.0,48,Duplex,2,0,1,1,10394.0,2.8,1.1,5.0,212826
Hillside,4,4,1812,1988.0,36,Single Family,2,0,1,0,6483.0,0.3,0.7,1.1,407033
Hillside,2,1,1184,1974.0,50,Single Family,1,0,0,0,11086.0,6.8,1.1,1.0,204158
University,3,3,1318,1987.0,37,Single Family,1,0,1,0,9990.0,3.5,0.1,4.5,222971
Downtown,5,6,2390,1973.0,51,Single Family,1,0,0,1,11825.0,0.5,4.4,1.4,555284
Downtown,2,2,1519,1973.0,51,Single Family,2,0,0,1,,3.4,1.6,5.1,284616
Riverside,1,1,862,2009.0,15,Townhouse,0,1,0,0,9617.0,2.1,0.2,15.1,176273
Industrial,3,2,1464,1999.0,25,Condo,2,1,0,1,18115.0,4.0,0.7,11.7,250784
Hillside,1,1,945,2015.0,9,Single Family,2,0,0,0,7071.0,1.8,8.2,3.3,178269
Suburban,4,5,2127,1963.0,61,Single Family,2,0,0,0,7805.0,1.7,1.8,1.4,332128
Uptown,5,6,2891,2002.0,22,Single Family,0,0,0,1,7523.0,0.0,0.7,0.2,612169
Downtown,3,3,1858,1981.0,43,Single Family,2,0,1,1,7728.0,1.0,1.1,4.0,417706
Uptown,2,2,1361,1997.0,27,Single Family,2,0,0,0,9674.0,0.3,0.6,11.4,251502
Uptown,3,3,1881,1988.0,36,Single Family,2,0,0,0,8174.0,0.6,0.1,0.2,388783
Riverside,4,4,2073,1989.0,35,Single Family,2,0,1,0,3905.0,5.8,3.7,0.0,352485
Hillside,1,1,884,1991.0,33,Single Family,2,0,0,1,8054.0,0.1,0.7,5.3,160821
Downtown,3,4,2031,1957.0,67,Single Family,2,1,1,0,6421.0,1.9,3.6,0.3,428279
Uptown,3,5,1372,1975.0,49,Single Family,1,0,1,1,2814.0,0.3,1.3,0.3,281234
Downtown,3,5,1893,1961.0,63,Single Family,2,0,0,1,11435.0,0.0,0.4,7.2,391730
Suburban,2,3,1277,1992.0,32,Condo,0,0,0,0,6404.0,1.0,3.2,0.2,213543
Riverside,4,5,2041,2000.0,24,Townhouse,2,1,0,1,9150.0,0.3,0.9,0.4,442566
Suburban,1,2,789,2012.0,12,Condo,3,0,0,0,2000.0,5.0,2.5,2.5,131889
Downtown,2,2,1330,1998.0,26,Single Family,1,0,0,1,9496.0,0.3,3.6,4.2,295387
University,4,5,2091,1976.0,48,Single Family,2,0,0,1,7059.0,0.3,6.6,1.5,318300
Downtown,4,4,2017,1958.0,66,Single Family,2,1,0,1,3335.0,0.0,0.2,1.6,438930
Hillside,1,1,759,1988.0,36,Single Family,0,0,0,0,6344.0,0.6,0.0,3.0,145347
Uptown,2,3,918,2014.0,10,Townhouse,1,0,0,1,5941.0,0.0,1.6,2.1,215026
Uptown,2,2,1155,2020.0,4,Single Family,1,1,1,0,10252.0,1.0,0.6,0.1,355990
Suburban,2,2,1197,2020.0,4,Single Family,2,1,0,1,8271.0,1.1,1.3,0.4,258093
Riverside,2,4,1330,1956.0,68,Single Family,2,0,1,1,3432.0,0.1,0.2,2.6,186029
University,1,1,1292,2021.0,3,Single Family,2,0,0,1,9315.0,0.4,1.4,4.7,207848
Industrial,3,3,1576,2016.0,8,Duplex,2,0,1,1,2000.0,2.7,0.3,4.3,210026
Uptown,4,6,1895,1959.0,65,Single Family,2,0,0,1,4624.0,0.9,3.6,4.0,344424
Hillside,3,4,1557,2020.0,4,Townhouse,1,0,0,1,8043.0,0.9,2.8,4.4,344904
Suburban,3,4,1730,2002.0,22,Single Family,1,0,0,1,6127.0,1.8,0.2,0.1,312429
Suburban,1,1,1017,2006.0,18,Duplex,2,0,0,1,11575.0,1.9,3.6,6.8,186968
Industrial,5,5,2645,1976.0,48,Single Family,3,0,0,1,8507.0,2.2,0.8,6.6,369592
Hillside,4,5,2265,2003.0,21,Townhouse,2,0,0,1,9877.0,2.7,0.9,2.3,463033
Riverside,4,5,2293,1953.0,71,Single Family,2,0,0,0,10000.0,0.4,0.4,0.9,406240
Hillside,4,5,2044,1972.0,52,Townhouse,2,0,0,0,6670.0,0.1,3.6,2.7,381895
Riverside,5,4,2910,1997.0,27,Single Family,1,0,0,1,4803.0,0.7,1.0,2.4,540060
Hillside,3,2,1629,1991.0,33,Single Family,2,0,0,1,7850.0,2.9,0.1,0.8,289441
Hillside,2,4,1321,1952.0,72,Condo,1,0,0,1,10601.0,0.1,6.8,2.8,215256
Downtown,3,3,1959,1952.0,72,Duplex,1,0,1,0,7301.0,1.3,0.6,4.8,397864
Suburban,4,5,2213,1977.0,47,Single Family,2,0,0,1,9772.0,1.8,5.5,4.9,356617
